id,Longitude,Latitude,Altitude,HomeLongitudeINTEGER,HomeLatitudeINTEGER,VelocityX,VelocityY,VelocityZ,Wifi1,Wifi2,Wifi3,Wifi4,Wifi5,Wifi6,Wifi7,Wifi8,DroneHeading,Battery,Voltage,Current,Date,Method
110,151.227555970544,-33.9315721844315,10,,,0.0,0.0,0.0,0,0,0,0,0,0,0,0,124.6,0,0,0,"2016-09-07 15:53:06.691","zigzag 1d"
111,151.227555832344,-33.9315722105626,10,,,0.0,0.0,0.0,-100,-94,-98,-101,-98,-94,-102,-108,124.6,0,0,0,"2016-09-07 15:53:06.773","zigzag 1d"
112,151.227555761972,-33.9315721532674,10,,,0.0,-0.100000001490116,0.0,-100,-94,-98,-101,-98,-94,-102,-108,124.6,91,15879,-9804,"2016-09-07 15:53:06.874","zigzag 1d"
113,151.2275557145,-33.9315721618779,10,,,0.0,-0.100000001490116,0.0,-100,-94,-98,-101,-98,-94,-102,-108,124.6,91,15879,-9804,"2016-09-07 15:53:06.989","zigzag 1d"
114,151.227555726665,-33.9315721462375,10,,,0.0,-0.100000001490116,0.0,-100,-94,-98,-101,-98,-94,-102,-108,124.5,91,15879,-9804,"2016-09-07 15:53:07.076","zigzag 1d"
115,151.227555508548,-33.9315722077137,10.1000003814697,,,0.0,0.0,0.0,-100,-94,-98,-101,-98,-94,-102,-108,124.5,91,15879,-9804,"2016-09-07 15:53:07.175","zigzag 1d"
116,151.22755549726,-33.9315721665065,10,,,0.0,-0.100000001490116,0.0,-100,-94,-98,-101,-98,-94,-102,-108,124.4,91,15879,-9804,"2016-09-07 15:53:07.275","zigzag 1d"
117,151.227555326548,-33.9315720294826,10,,,0.0,0.0,0.0,-100,-94,-98,-101,-98,-94,-102,-108,124.5,91,15879,-9804,"2016-09-07 15:53:07.375","zigzag 1d"
118,151.227555322852,-33.9315719958313,10,,,0.0,0.0,0.0,-100,-94,-98,-101,-98,-94,-102,-108,124.5,91,15879,-9804,"2016-09-07 15:53:07.477","zigzag 1d"
119,151.227555094648,-33.9315719526627,10,,,0.0,0.0,0.0,-100,-94,-98,-101,-98,-94,-102,-108,124.5,91,15879,-9804,"2016-09-07 15:53:07.579","zigzag 1d"
120,151.227555050243,-33.9315718618958,10,,,0.0,0.0,0.0,-100,-94,-98,-101,-98,-94,-102,-108,124.6,91,15879,-9804,"2016-09-07 15:53:07.678","zigzag 1d"
121,151.22755493264,-33.9315716486856,10,,,0.100000001490116,0.0,0.0,-89,-102,-97,-100,-93,-96,-102,-108,124.5,91,15879,-9804,"2016-09-07 15:53:07.777","zigzag 1d"
122,151.227554875126,-33.9315715494925,10,,,0.100000001490116,0.0,0.0,-89,-102,-97,-100,-93,-96,-102,-108,124.6,91,15879,-9804,"2016-09-07 15:53:07.877","zigzag 1d"
123,151.227554821613,-33.9315713737866,10,,,0.100000001490116,0.0,0.0,-89,-102,-97,-100,-93,-96,-102,-108,124.6,91,15879,-9804,"2016-09-07 15:53:07.978","zigzag 1d"
124,151.227554777871,-33.9315712834125,10,,,0.0,0.0,0.0,-89,-102,-97,-100,-93,-96,-102,-108,124.6,91,15879,-9804,"2016-09-07 15:53:08.076","zigzag 1d"
125,151.227554770596,-33.9315711810357,10,,,0.0,0.0,0.0,-89,-102,-97,-100,-93,-96,-102,-108,124.6,91,15879,-9804,"2016-09-07 15:53:08.176","zigzag 1d"
126,151.227554735958,-33.9315711104904,10.1000003814697,,,0.0,0.0,0.0,-89,-102,-97,-100,-93,-96,-102,-108,124.7,91,15879,-9804,"2016-09-07 15:53:08.277","zigzag 1d"
127,151.22755469044,-33.931571047562,10.1000003814697,,,0.0,0.0,0.0,-89,-102,-97,-100,-93,-96,-102,-108,124.7,91,15879,-9804,"2016-09-07 15:53:08.394","zigzag 1d"
128,151.227554670313,-33.9315710479958,10,,,0.0,0.0,0.0,-89,-102,-97,-100,-93,-96,-102,-108,124.6,91,15879,-9804,"2016-09-07 15:53:08.478","zigzag 1d"
129,151.227554708742,-33.9315709943823,10,,,0.0,0.0,0.0,-89,-102,-97,-100,-93,-96,-102,-108,124.5,91,15879,-9804,"2016-09-07 15:53:08.577","zigzag 1d"
130,151.227554751091,-33.9315710078775,10,,,0.0,0.0,0.0,-89,-102,-97,-100,-93,-96,-102,-108,124.5,91,15879,-9804,"2016-09-07 15:53:08.678","zigzag 1d"
131,151.227554751412,-33.9315709302239,10.1000003814697,,,0.0,0.0,0.0,-87,-101,-100,-100,-98,-93,-101,-108,124.3,91,15879,-9804,"2016-09-07 15:53:08.778","zigzag 1d"
132,151.22755475143,-33.9315709392317,10.1000003814697,,,0.0,0.0,0.0,-87,-101,-100,-100,-98,-93,-101,-108,124.3,91,15846,-10325,"2016-09-07 15:53:08.878","zigzag 1d"
133,151.22755475143,-33.9315709392317,10.1000003814697,,,0.0,0.0,0.0,-87,-101,-100,-100,-98,-93,-101,-108,124.3,91,15846,-10325,"2016-09-07 15:53:08.979","zigzag 1d"
134,151.227554678708,-33.9315707929259,10.1000003814697,,,0.0,0.0,0.0,-87,-101,-100,-100,-98,-93,-101,-108,124.3,91,15846,-10325,"2016-09-07 15:53:09.079","zigzag 1d"
135,151.227554598573,-33.9315706335445,10.1000003814697,,,0.100000001490116,0.0,0.0,-87,-101,-100,-100,-98,-93,-101,-108,124.5,91,15846,-10325,"2016-09-07 15:53:09.179","zigzag 1d"
136,151.227554702107,-33.9315704640098,10.1000003814697,,,0.300000011920929,0.100000001490116,0.0,-87,-101,-100,-100,-98,-93,-101,-108,124.8,91,15846,-10325,"2016-09-07 15:53:09.295","zigzag 1d"
137,151.227554953875,-33.9315700943117,10.1000003814697,,,0.5,0.200000002980232,0.0,-87,-101,-100,-100,-98,-93,-101,-108,125.0,91,15846,-10325,"2016-09-07 15:53:09.379","zigzag 1d"
138,151.227554953875,-33.9315700943117,10.1000003814697,,,0.5,0.200000002980232,0.0,-87,-101,-100,-100,-98,-93,-101,-108,125.0,91,15846,-10325,"2016-09-07 15:53:09.479","zigzag 1d"
139,151.227555842231,-33.9315684606035,10.1000003814697,,,1.10000002384186,0.600000023841858,-0.100000001490116,-87,-101,-100,-100,-98,-93,-101,-108,125.3,91,15846,-10325,"2016-09-07 15:53:09.579","zigzag 1d"
140,151.227555842231,-33.9315684606035,10.1000003814697,,,1.10000002384186,0.600000023841858,-0.100000001490116,-87,-101,-100,-100,-98,-93,-101,-108,125.3,91,15846,-10325,"2016-09-07 15:53:09.680","zigzag 1d"
141,151.227557760359,-33.9315656225108,10.1999998092651,,,1.70000004768372,0.899999976158142,0.0,-93,-100,-100,-101,-95,-93,-102,-108,125.8,91,15846,-10325,"2016-09-07 15:53:09.781","zigzag 1d"
142,151.227558667435,-33.931564265402,10.1000003814697,,,1.79999995231628,1.0,0.0,-93,-100,-100,-101,-95,-93,-102,-108,125.5,91,15867,-9971,"2016-09-07 15:53:09.891","zigzag 1d"
143,151.227560135619,-33.931562381587,10.1000003814697,,,1.70000004768372,1.0,0.0,-93,-100,-100,-101,-95,-93,-102,-108,125.1,91,15867,-9971,"2016-09-07 15:53:09.981","zigzag 1d"
144,151.227561213951,-33.9315608026151,10.1000003814697,,,1.60000002384186,0.800000011920929,0.0,-93,-100,-100,-101,-95,-93,-102,-108,124.6,91,15867,-9971,"2016-09-07 15:53:10.082","zigzag 1d"
145,151.227562388557,-33.9315593515371,10.1000003814697,,,1.29999995231628,0.600000023841858,0.0,-93,-100,-100,-101,-95,-93,-102,-108,124.6,91,15867,-9971,"2016-09-07 15:53:10.181","zigzag 1d"
146,151.227562959551,-33.9315582861574,10.1000003814697,,,0.899999976158142,0.300000011920929,0.0,-93,-100,-100,-101,-95,-93,-102,-108,124.9,91,15867,-9971,"2016-09-07 15:53:10.281","zigzag 1d"
147,151.227563702724,-33.9315573532899,10.1000003814697,,,0.600000023841858,0.0,0.0,-93,-100,-100,-101,-95,-93,-102,-108,125.1,91,15867,-9971,"2016-09-07 15:53:10.381","zigzag 1d"
148,151.227563749338,-33.9315570193393,10.1000003814697,,,0.100000001490116,-0.300000011920929,0.0,-93,-100,-100,-101,-95,-93,-102,-108,124.8,91,15867,-9971,"2016-09-07 15:53:10.482","zigzag 1d"
149,151.227563478781,-33.9315568074894,10.1000003814697,,,0.0,-0.5,0.0,-93,-100,-100,-101,-95,-93,-102,-108,124.4,91,15867,-9971,"2016-09-07 15:53:10.581","zigzag 1d"
150,151.227562664654,-33.9315570839075,10.1000003814697,,,-0.400000005960464,-0.800000011920929,0.0,-93,-100,-100,-101,-95,-93,-102,-108,124.2,91,15867,-9971,"2016-09-07 15:53:10.683","zigzag 1d"
151,151.227562664654,-33.9315570839075,10.1000003814697,,,-0.400000005960464,-0.800000011920929,0.0,-98,-99,-96,-96,-96,-94,-102,-108,124.2,91,15867,-9971,"2016-09-07 15:53:10.783","zigzag 1d"
152,151.227560765966,-33.931557770098,10.1000003814697,,,-1.0,-1.29999995231628,0.0,-98,-99,-96,-96,-96,-94,-102,-108,124.4,91,15816,-10370,"2016-09-07 15:53:10.883","zigzag 1d"
153,151.227558573575,-33.93155895531,10.1000003814697,,,-1.10000002384186,-1.5,0.0,-98,-99,-96,-96,-96,-94,-102,-108,124.5,91,15816,-10370,"2016-09-07 15:53:10.984","zigzag 1d"
154,151.227557274098,-33.9315594916915,10.1000003814697,,,-1.5,-1.70000004768372,0.0,-98,-99,-96,-96,-96,-94,-102,-108,124.6,91,15816,-10370,"2016-09-07 15:53:11.084","zigzag 1d"
155,151.227554551212,-33.9315612878288,10.1000003814697,,,-1.5,-1.79999995231628,0.0,-98,-99,-96,-96,-96,-94,-102,-108,125.0,91,15816,-10370,"2016-09-07 15:53:11.183","zigzag 1d"
156,151.227552504439,-33.9315627047815,10.1000003814697,,,-1.39999997615814,-1.79999995231628,0.0,-98,-99,-96,-96,-96,-94,-102,-108,125.5,91,15816,-10370,"2016-09-07 15:53:11.283","zigzag 1d"
157,151.227549663697,-33.9315641716355,10.1000003814697,,,-1.20000004768372,-1.60000002384186,0.0,-98,-99,-96,-96,-96,-94,-102,-108,126.1,91,15816,-10370,"2016-09-07 15:53:11.385","zigzag 1d"
158,151.227547967246,-33.9315651078329,10.1000003814697,,,-0.800000011920929,-1.29999995231628,0.100000001490116,-98,-99,-96,-96,-96,-94,-102,-108,126.6,91,15816,-10370,"2016-09-07 15:53:11.484","zigzag 1d"
159,151.227545629099,-33.9315661300668,10.1000003814697,,,-0.300000011920929,-1.10000002384186,0.0,-98,-99,-96,-96,-96,-94,-102,-108,126.7,91,15816,-10370,"2016-09-07 15:53:11.584","zigzag 1d"
160,151.227544532907,-33.9315662660829,10.1000003814697,,,0.0,-0.800000011920929,0.0,-98,-99,-96,-96,-96,-94,-102,-108,126.8,91,15816,-10370,"2016-09-07 15:53:11.683","zigzag 1d"
161,151.227542771065,-33.9315666605867,10.1000003814697,,,0.300000011920929,-0.600000023841858,0.0,-81,-94,-100,-100,-100,-92,-102,-108,126.8,91,15816,-10370,"2016-09-07 15:53:11.787","zigzag 1d"
162,151.227542259302,-33.9315661010088,10.1000003814697,,,0.800000011920929,-0.300000011920929,0.100000001490116,-81,-94,-100,-100,-100,-92,-102,-108,126.7,91,15816,-10370,"2016-09-07 15:53:11.886","zigzag 1d"
163,151.227541956451,-33.9315654493939,10.1000003814697,,,1.0,-0.100000001490116,0.0,-81,-94,-100,-100,-100,-92,-102,-108,126.4,91,15816,-10370,"2016-09-07 15:53:11.984","zigzag 1d"
164,151.22754110478,-33.9315650580456,10.1000003814697,,,1.39999997615814,0.100000001490116,0.0,-81,-94,-100,-100,-100,-92,-102,-108,126.2,91,15816,-10370,"2016-09-07 15:53:12.084","zigzag 1d"
165,151.227541743549,-33.9315634324127,10.1000003814697,,,1.60000002384186,0.300000011920929,0.0,-81,-94,-100,-100,-100,-92,-102,-108,126.2,91,15816,-10370,"2016-09-07 15:53:12.183","zigzag 1d"
166,151.227542306664,-33.9315617398219,10.1999998092651,,,2.0,0.600000023841858,-0.100000001490116,-81,-94,-100,-100,-100,-92,-102,-108,126.2,91,15816,-10370,"2016-09-07 15:53:12.283","zigzag 1d"
167,151.227543158604,-33.9315602638848,10.1999998092651,,,2.20000004768372,0.800000011920929,0.0,-81,-94,-100,-100,-100,-92,-102,-108,125.8,91,15816,-10370,"2016-09-07 15:53:12.384","zigzag 1d"
168,151.227544189674,-33.9315580235089,10.1999998092651,,,2.59999990463257,1.0,0.0,-81,-94,-100,-100,-100,-92,-102,-108,125.5,91,15816,-10370,"2016-09-07 15:53:12.484","zigzag 1d"
169,151.227546200572,-33.93155501562,10.1999998092651,,,2.90000009536743,1.20000004768372,0.0,-81,-94,-100,-100,-100,-92,-102,-108,125.6,91,15816,-10370,"2016-09-07 15:53:12.584","zigzag 1d"
170,151.227547501931,-33.9315526951227,10.1999998092651,,,3.20000004768372,1.39999997615814,0.0,-81,-94,-100,-100,-100,-92,-102,-108,126.0,91,15816,-10370,"2016-09-07 15:53:12.684","zigzag 1d"
171,151.227550046229,-33.9315490223704,10.1999998092651,,,3.5,1.60000002384186,0.0,-96,-99,-95,-100,-100,-79,-100,-108,126.3,91,15816,-10370,"2016-09-07 15:53:12.784","zigzag 1d"
172,151.227551959634,-33.9315457363165,10.1999998092651,,,3.59999990463257,1.79999995231628,0.0,-96,-99,-95,-100,-100,-79,-100,-108,126.6,91,15816,-10370,"2016-09-07 15:53:12.890","zigzag 1d"
173,151.227554972402,-33.9315420481339,10.1999998092651,,,3.5,1.79999995231628,0.0,-96,-99,-95,-100,-100,-79,-100,-108,126.5,91,15816,-10370,"2016-09-07 15:53:12.991","zigzag 1d"
174,151.227556974073,-33.9315389199418,10.1000003814697,,,3.20000004768372,1.70000004768372,0.100000001490116,-96,-99,-95,-100,-100,-79,-100,-108,125.9,91,15816,-10370,"2016-09-07 15:53:13.085","zigzag 1d"
175,151.227559464977,-33.9315355683453,10.1000003814697,,,2.70000004768372,1.5,0.0,-96,-99,-95,-100,-100,-79,-100,-108,126.2,91,15816,-10370,"2016-09-07 15:53:13.185","zigzag 1d"
176,151.227561355123,-33.9315332743443,10,,,2.09999990463257,1.20000004768372,0.0,-96,-99,-95,-100,-100,-79,-100,-108,127.0,91,15816,-10370,"2016-09-07 15:53:13.286","zigzag 1d"
177,151.227563174732,-33.9315310968584,10,,,1.70000004768372,0.800000011920929,0.0,-96,-99,-95,-100,-100,-79,-100,-108,127.1,91,15816,-10370,"2016-09-07 15:53:13.385","zigzag 1d"
178,151.227563914572,-33.9315297953577,10,,,1.20000004768372,0.400000005960464,0.0,-96,-99,-95,-100,-100,-79,-100,-108,126.9,91,15816,-10370,"2016-09-07 15:53:13.485","zigzag 1d"
179,151.22756525275,-33.9315283810043,10,,,0.899999976158142,0.200000002980232,-0.100000001490116,-96,-99,-95,-100,-100,-79,-100,-108,125.3,91,15816,-10370,"2016-09-07 15:53:13.592","zigzag 1d"
180,151.227565343662,-33.9315277341586,10.1000003814697,,,0.5,0.0,-0.100000001490116,-96,-99,-95,-100,-100,-79,-100,-108,123.9,91,15816,-10370,"2016-09-07 15:53:13.685","zigzag 1d"
181,151.227565272326,-33.9315275747524,10.1000003814697,,,0.300000011920929,-0.100000001490116,0.0,-100,-102,-100,-100,-84,-95,-101,-108,123.2,91,15816,-10370,"2016-09-07 15:53:13.785","zigzag 1d"
182,151.227565272326,-33.9315275747524,10.1000003814697,,,0.300000011920929,-0.100000001490116,0.0,-100,-102,-100,-100,-84,-95,-101,-108,123.2,91,15816,-10370,"2016-09-07 15:53:13.886","zigzag 1d"
183,151.227564984972,-33.9315274981153,10.1000003814697,,,-0.400000005960464,-0.5,0.0,-100,-102,-100,-100,-84,-95,-101,-108,123.3,91,15816,-10370,"2016-09-07 15:53:13.994","zigzag 1d"
184,151.227564253333,-33.93152806499,10.1000003814697,,,-0.699999988079071,-0.699999988079071,0.0,-100,-102,-100,-100,-84,-95,-101,-108,123.6,91,15816,-10370,"2016-09-07 15:53:14.085","zigzag 1d"
185,151.227563549213,-33.9315293958578,10.1000003814697,,,-1.10000002384186,-0.899999976158142,0.0,-100,-102,-100,-100,-84,-95,-101,-108,123.8,91,15816,-10370,"2016-09-07 15:53:14.185","zigzag 1d"
186,151.227562386025,-33.9315306070959,10.1000003814697,,,-1.39999997615814,-1.10000002384186,0.0,-100,-102,-100,-100,-84,-95,-101,-108,124.1,91,15816,-10370,"2016-09-07 15:53:14.286","zigzag 1d"
187,151.227560540526,-33.9315330274848,10.1000003814697,,,-1.79999995231628,-1.29999995231628,0.0,-100,-102,-100,-100,-84,-95,-101,-108,124.3,91,15816,-10370,"2016-09-07 15:53:14.395","zigzag 1d"
188,151.22755910567,-33.9315348677476,10.1000003814697,,,-2.09999990463257,-1.5,0.0,-100,-102,-100,-100,-84,-95,-101,-108,124.4,91,15816,-10370,"2016-09-07 15:53:14.486","zigzag 1d"
189,151.227556744292,-33.9315380795078,10.1000003814697,,,-2.5,-1.70000004768372,0.0,-100,-102,-100,-100,-84,-95,-101,-108,124.2,91,15816,-10370,"2016-09-07 15:53:14.586","zigzag 1d"
190,151.227554698047,-33.9315404888982,10.1000003814697,,,-2.70000004768372,-1.89999997615814,0.0,-100,-102,-100,-100,-84,-95,-101,-108,123.9,91,15816,-10370,"2016-09-07 15:53:14.686","zigzag 1d"
191,151.227551909543,-33.931544101065,10.1000003814697,,,-3.09999990463257,-2.09999990463257,0.0,-96,-93,-95,-99,-99,-90,-102,-108,123.4,91,15816,-10370,"2016-09-07 15:53:14.786","zigzag 1d"
192,151.227549479799,-33.9315472440928,10.1000003814697,,,-3.20000004768372,-2.20000004768372,0.0,-96,-93,-95,-99,-99,-90,-102,-108,123.1,91,15754,-11027,"2016-09-07 15:53:14.886","zigzag 1d"
193,151.227546543667,-33.9315511080288,10.1000003814697,,,-3.29999995231628,-2.09999990463257,0.0,-96,-93,-95,-99,-99,-90,-102,-108,123.3,91,15754,-11027,"2016-09-07 15:53:14.998","zigzag 1d"
194,151.227544217762,-33.9315540271403,10.1000003814697,,,-3.0,-2.0,0.0,-96,-93,-95,-99,-99,-90,-102,-108,123.1,91,15754,-11027,"2016-09-07 15:53:15.089","zigzag 1d"
195,151.227541658757,-33.9315577700514,10.1000003814697,,,-2.59999990463257,-1.70000004768372,0.0,-96,-93,-95,-99,-99,-90,-102,-108,122.8,91,15754,-11027,"2016-09-07 15:53:15.189","zigzag 1d"
196,151.227539959017,-33.9315599072292,10,,,-2.0,-1.29999995231628,0.100000001490116,-96,-93,-95,-99,-99,-90,-102,-108,122.2,91,15754,-11027,"2016-09-07 15:53:15.289","zigzag 1d"
197,151.227537996918,-33.9315620645024,10,,,-1.39999997615814,-1.10000002384186,0.0,-96,-93,-95,-99,-99,-90,-102,-108,121.6,91,15754,-11027,"2016-09-07 15:53:15.390","zigzag 1d"
198,151.227536639238,-33.9315635131647,10,,,-0.800000011920929,-0.800000011920929,-0.100000001490116,-96,-93,-95,-99,-99,-90,-102,-108,122.8,91,15754,-11027,"2016-09-07 15:53:15.502","zigzag 1d"
199,151.227535559072,-33.9315645086237,10,,,-0.5,-0.699999988079071,-0.100000001490116,-96,-93,-95,-99,-99,-90,-102,-108,124.1,91,15754,-11027,"2016-09-07 15:53:15.589","zigzag 1d"
200,151.227534956696,-33.9315646873592,10.1000003814697,,,0.0,-0.400000005960464,-0.100000001490116,-96,-93,-95,-99,-99,-90,-102,-108,125.0,91,15754,-11027,"2016-09-07 15:53:15.689","zigzag 1d"
201,151.227534206282,-33.9315651673551,10.1000003814697,,,0.200000002980232,-0.200000002980232,0.0,-82,-81,-90,-100,-93,-93,-101,-108,125.4,91,15754,-11027,"2016-09-07 15:53:15.789","zigzag 1d"
202,151.227534135525,-33.9315647041795,10.1000003814697,,,0.699999988079071,0.0,0.0,-82,-81,-90,-100,-93,-93,-101,-108,125.6,91,15768,-11170,"2016-09-07 15:53:15.891","zigzag 1d"
203,151.227534135525,-33.9315647041795,10.1000003814697,,,0.699999988079071,0.0,0.0,-82,-81,-90,-100,-93,-93,-101,-108,125.6,91,15768,-11170,"2016-09-07 15:53:15.990","zigzag 1d"
204,151.227534917569,-33.9315633951092,10.1000003814697,,,1.29999995231628,0.5,0.0,-82,-81,-90,-100,-93,-93,-101,-108,125.7,91,15768,-11170,"2016-09-07 15:53:16.089","zigzag 1d"
205,151.22753621244,-33.9315612707705,10.1000003814697,,,1.60000002384186,0.800000011920929,0.100000001490116,-82,-81,-90,-100,-93,-93,-101,-108,125.7,91,15768,-11170,"2016-09-07 15:53:16.188","zigzag 1d"
206,151.2275372361,-33.9315595728884,10.1000003814697,,,2.0,1.0,0.0,-82,-81,-90,-100,-93,-93,-101,-108,125.5,91,15768,-11170,"2016-09-07 15:53:16.289","zigzag 1d"
207,151.227539031761,-33.9315569923003,10.1000003814697,,,2.29999995231628,1.20000004768372,0.0,-82,-81,-90,-100,-93,-93,-101,-108,125.4,91,15768,-11170,"2016-09-07 15:53:16.389","zigzag 1d"
208,151.227540545525,-33.931554730992,10.1000003814697,,,2.59999990463257,1.39999997615814,0.0,-82,-81,-90,-100,-93,-93,-101,-108,125.3,91,15768,-11170,"2016-09-07 15:53:16.490","zigzag 1d"
209,151.227543038735,-33.9315513917704,10.1000003814697,,,2.90000009536743,1.70000004768372,0.0,-82,-81,-90,-100,-93,-93,-101,-108,125.4,91,15768,-11170,"2016-09-07 15:53:16.605","zigzag 1d"
210,151.227545091351,-33.9315485535124,10.1000003814697,,,3.09999990463257,1.79999995231628,0.0,-82,-81,-90,-100,-93,-93,-101,-108,125.4,91,15768,-11170,"2016-09-07 15:53:16.688","zigzag 1d"
211,151.227547887961,-33.9315448335183,10.1000003814697,,,3.40000009536743,2.0,0.0,-99,-99,-100,-98,-100,-92,-102,-108,125.4,91,15768,-11170,"2016-09-07 15:53:16.791","zigzag 1d"
212,151.227550255521,-33.9315416282133,10.1000003814697,,,3.59999990463257,2.20000004768372,0.0,-99,-99,-100,-98,-100,-92,-102,-108,125.6,91,15735,-11375,"2016-09-07 15:53:16.889","zigzag 1d"
213,151.227553629183,-33.9315374384389,10.1000003814697,,,3.79999995231628,2.40000009536743,0.0,-99,-99,-100,-98,-100,-92,-102,-108,126.1,91,15735,-11375,"2016-09-07 15:53:16.990","zigzag 1d"
214,151.227556316021,-33.9315339249322,10.1000003814697,,,3.79999995231628,2.40000009536743,-0.100000001490116,-99,-99,-100,-98,-100,-92,-102,-108,126.0,91,15735,-11375,"2016-09-07 15:53:17.092","zigzag 1d"
215,151.227559439547,-33.9315299380011,10.1000003814697,,,3.70000004768372,2.29999995231628,0.0,-99,-99,-100,-98,-100,-92,-102,-108,125.4,91,15735,-11375,"2016-09-07 15:53:17.191","zigzag 1d"
216,151.227562164232,-33.9315264992754,10.1000003814697,,,3.29999995231628,2.09999990463257,0.0,-99,-99,-100,-98,-100,-92,-102,-108,125.4,91,15735,-11375,"2016-09-07 15:53:17.290","zigzag 1d"
217,151.22756486099,-33.9315230865116,10,,,2.79999995231628,1.79999995231628,0.0,-99,-99,-100,-98,-100,-92,-102,-108,125.4,91,15735,-11375,"2016-09-07 15:53:17.391","zigzag 1d"
218,151.227566636377,-33.931520808917,10,,,2.20000004768372,1.39999997615814,0.0,-99,-99,-100,-98,-100,-92,-102,-108,125.3,91,15735,-11375,"2016-09-07 15:53:17.491","zigzag 1d"
219,151.227566636377,-33.931520808917,10,,,2.20000004768372,1.39999997615814,0.0,-99,-99,-100,-98,-100,-92,-102,-108,125.3,91,15735,-11375,"2016-09-07 15:53:17.592","zigzag 1d"
220,151.227569750236,-33.9315171802312,10,,,1.20000004768372,0.600000023841858,0.0,-99,-99,-100,-98,-100,-92,-102,-108,126.0,91,15735,-11375,"2016-09-07 15:53:17.691","zigzag 1d"
221,151.227570307264,-33.931516092416,10,,,0.899999976158142,0.400000005960464,0.0,-98,-102,-94,-100,-101,-95,-102,-108,125.1,91,15735,-11375,"2016-09-07 15:53:17.792","zigzag 1d"
222,,,0,,,0.0,0.0,0.0,-98,-102,-94,-100,-101,-95,-102,-108,0.0,0,15759,-11221,"2016-09-07 15:53:17.893","zigzag 1d"
223,151.227570558915,-33.9315146969788,10.1000003814697,,,0.200000002980232,-0.100000001490116,0.0,-98,-102,-94,-100,-101,-95,-102,-108,123.3,0,15759,-11221,"2016-09-07 15:53:17.994","zigzag 1d"
224,151.227570162191,-33.9315146732937,10.1000003814697,,,-0.100000001490116,-0.400000005960464,0.0,-98,-102,-94,-100,-101,-95,-102,-108,123.1,0,15759,-11221,"2016-09-07 15:53:18.093","zigzag 1d"
225,151.227568749398,-33.9315154327557,10.1000003814697,,,-0.400000005960464,-0.699999988079071,0.0,-98,-102,-94,-100,-101,-95,-102,-108,122.9,0,15759,-11221,"2016-09-07 15:53:18.193","zigzag 1d"
226,151.227568317877,-33.9315152321508,10.1000003814697,,,-0.800000011920929,-0.899999976158142,0.0,-98,-102,-94,-100,-101,-95,-102,-108,122.8,0,15759,-11221,"2016-09-07 15:53:18.293","zigzag 1d"
227,151.227566222376,-33.9315167697911,10.1000003814697,,,-1.20000004768372,-1.20000004768372,0.0,-98,-102,-94,-100,-101,-95,-102,-108,122.8,0,15759,-11221,"2016-09-07 15:53:18.412","zigzag 1d"
228,151.227564783457,-33.9315180628207,10.1000003814697,,,-1.60000002384186,-1.39999997615814,0.0,-98,-102,-94,-100,-101,-95,-102,-108,123.0,0,15759,-11221,"2016-09-07 15:53:18.492","zigzag 1d"
229,151.227562284564,-33.9315200602234,10.1000003814697,,,-1.89999997615814,-1.60000002384186,0.0,-98,-102,-94,-100,-101,-95,-102,-108,123.1,0,15759,-11221,"2016-09-07 15:53:18.593","zigzag 1d"
230,151.227560382174,-33.9315219735257,10.1000003814697,,,-2.20000004768372,-1.79999995231628,0.0,-98,-102,-94,-100,-101,-95,-102,-108,123.2,0,15759,-11221,"2016-09-07 15:53:18.711","zigzag 1d"
231,151.227557331485,-33.9315249348461,10.1000003814697,,,-2.5,-2.0,0.0,-89,-91,-100,-100,-100,-95,-102,-108,123.0,0,15759,-11221,"2016-09-07 15:53:18.800","zigzag 1d"
232,151.227554709766,-33.9315272824391,10.1000003814697,,,-2.79999995231628,-2.09999990463257,0.0,-89,-91,-100,-100,-100,-95,-102,-108,122.7,91,15774,-10696,"2016-09-07 15:53:18.897","zigzag 1d"
233,151.227551459594,-33.9315308226996,10.1000003814697,,,-3.09999990463257,-2.29999995231628,0.0,-89,-91,-100,-100,-100,-95,-102,-108,122.9,91,15774,-10696,"2016-09-07 15:53:18.997","zigzag 1d"
234,151.227548835904,-33.9315337949975,10.1000003814697,,,-3.40000009536743,-2.40000009536743,0.0,-89,-91,-100,-100,-100,-95,-102,-108,123.1,91,15774,-10696,"2016-09-07 15:53:19.097","zigzag 1d"
235,151.22754493868,-33.9315377364287,10.1000003814697,,,-3.70000004768372,-2.59999990463257,0.0,-89,-91,-100,-100,-100,-95,-102,-108,123.0,91,15774,-10696,"2016-09-07 15:53:19.201","zigzag 1d"
236,151.227542059602,-33.931541201113,10.1000003814697,,,-3.79999995231628,-2.59999990463257,0.0,-89,-91,-100,-100,-100,-95,-102,-108,123.0,91,15774,-10696,"2016-09-07 15:53:19.296","zigzag 1d"
237,151.227538641782,-33.9315453595386,10.1000003814697,,,-3.79999995231628,-2.5,0.0,-89,-91,-100,-100,-100,-95,-102,-108,123.8,91,15774,-10696,"2016-09-07 15:53:19.399","zigzag 1d"
238,151.227538641782,-33.9315453595386,10.1000003814697,,,-3.79999995231628,-2.5,0.0,-89,-91,-100,-100,-100,-95,-102,-108,123.8,91,15774,-10696,"2016-09-07 15:53:19.497","zigzag 1d"
239,151.22753256638,-33.9315525326601,10,,,-3.09999990463257,-2.0,0.0,-89,-91,-100,-100,-100,-95,-102,-108,122.8,91,15774,-10696,"2016-09-07 15:53:19.598","zigzag 1d"
240,151.2275304995,-33.9315551149593,10,,,-2.5,-1.70000004768372,0.100000001490116,-89,-91,-100,-100,-100,-95,-102,-108,121.8,91,15774,-10696,"2016-09-07 15:53:19.697","zigzag 1d"
241,151.227527867539,-33.9315577688055,10,,,-1.89999997615814,-1.5,0.0,-91,-81,-91,-100,-91,-91,-102,-108,122.0,91,15774,-10696,"2016-09-07 15:53:19.797","zigzag 1d"
242,151.227526404603,-33.9315592167186,10,,,-1.20000004768372,-1.10000002384186,0.0,-91,-81,-91,-100,-91,-91,-102,-108,123.6,91,15766,-11038,"2016-09-07 15:53:19.898","zigzag 1d"
243,151.227524981009,-33.9315606823149,10,,,-0.899999976158142,-1.0,0.0,-91,-81,-91,-100,-91,-91,-102,-108,124.6,91,15766,-11038,"2016-09-07 15:53:19.997","zigzag 1d"
244,151.227523311954,-33.9315619025707,9.89999961853027,,,-0.300000011920929,-0.699999988079071,0.0,-91,-81,-91,-100,-91,-91,-102,-108,125.4,91,15766,-11038,"2016-09-07 15:53:20.099","zigzag 1d"
245,151.227522777812,-33.9315618598492,10,,,0.0,-0.5,0.0,-91,-81,-91,-100,-91,-91,-102,-108,125.8,91,15766,-11038,"2016-09-07 15:53:20.198","zigzag 1d"
246,151.227522373382,-33.9315616849432,10,,,0.300000011920929,-0.200000002980232,-0.100000001490116,-91,-81,-91,-100,-91,-91,-102,-108,125.9,91,15766,-11038,"2016-09-07 15:53:20.300","zigzag 1d"
247,151.227522373382,-33.9315616849432,10,,,0.300000011920929,-0.200000002980232,-0.100000001490116,-91,-81,-91,-100,-91,-91,-102,-108,125.9,91,15766,-11038,"2016-09-07 15:53:20.401","zigzag 1d"
248,151.227522093005,-33.9315609699624,10,,,0.899999976158142,0.100000001490116,0.0,-91,-81,-91,-100,-91,-91,-102,-108,125.9,91,15766,-11038,"2016-09-07 15:53:20.501","zigzag 1d"
249,151.227522927652,-33.9315591253234,10,,,1.20000004768372,0.400000005960464,0.0,-91,-81,-91,-100,-91,-91,-102,-108,125.8,91,15766,-11038,"2016-09-07 15:53:20.601","zigzag 1d"
250,151.22752323717,-33.9315582581295,10,,,1.60000002384186,0.600000023841858,0.0,-91,-81,-91,-100,-91,-91,-102,-108,125.6,91,15766,-11038,"2016-09-07 15:53:20.701","zigzag 1d"
251,151.227524593815,-33.9315556225112,10.1000003814697,,,1.89999997615814,0.800000011920929,0.0,-82,-81,-98,-100,-94,-93,-102,-108,125.5,91,15766,-11038,"2016-09-07 15:53:20.801","zigzag 1d"
252,151.227525662604,-33.9315537008729,10.1000003814697,,,2.20000004768372,1.0,0.0,-82,-81,-98,-100,-94,-93,-102,-108,125.7,90,15716,-11085,"2016-09-07 15:53:20.902","zigzag 1d"
253,151.227527423424,-33.9315507357723,10.1000003814697,,,2.5,1.29999995231628,0.0,-82,-81,-98,-100,-94,-93,-102,-108,125.7,90,15716,-11085,"2016-09-07 15:53:21.002","zigzag 1d"
254,151.227528886167,-33.9315482283652,10.1000003814697,,,2.70000004768372,1.5,0.0,-82,-81,-98,-100,-94,-93,-102,-108,125.9,90,15716,-11085,"2016-09-07 15:53:21.103","zigzag 1d"
255,151.227531185336,-33.9315446956768,10.1000003814697,,,3.0,1.70000004768372,0.0,-82,-81,-98,-100,-94,-93,-102,-108,125.9,90,15716,-11085,"2016-09-07 15:53:21.203","zigzag 1d"
256,151.227533185423,-33.9315418512495,10.1000003814697,,,3.20000004768372,1.89999997615814,0.0,-82,-81,-98,-100,-94,-93,-102,-108,125.9,90,15716,-11085,"2016-09-07 15:53:21.302","zigzag 1d"
257,151.227536037282,-33.9315379296325,10.1000003814697,,,3.40000009536743,2.09999990463257,0.0,-82,-81,-98,-100,-94,-93,-102,-108,126.0,90,15716,-11085,"2016-09-07 15:53:21.419","zigzag 1d"
258,151.227538470624,-33.9315346980775,10.1000003814697,,,3.59999990463257,2.29999995231628,0.0,-82,-81,-98,-100,-94,-93,-102,-108,126.2,90,15716,-11085,"2016-09-07 15:53:21.503","zigzag 1d"
259,151.227541655232,-33.9315306795078,10.1000003814697,,,3.79999995231628,2.5,0.0,-82,-81,-98,-100,-94,-93,-102,-108,126.3,90,15716,-11085,"2016-09-07 15:53:21.603","zigzag 1d"
260,151.227544535326,-33.9315269596425,10.1000003814697,,,3.70000004768372,2.5,-0.100000001490116,-82,-81,-98,-100,-94,-93,-102,-108,125.9,90,15716,-11085,"2016-09-07 15:53:21.709","zigzag 1d"
261,151.227547731986,-33.9315231484123,10.1000003814697,,,3.5,2.40000009536743,0.0,-83,-89,-89,-100,-101,-93,-102,-108,125.0,90,15716,-11085,"2016-09-07 15:53:21.804","zigzag 1d"
262,151.227550332424,-33.9315201294541,10.1000003814697,,,3.0,2.20000004768372,0.0,-83,-89,-89,-100,-101,-93,-102,-108,124.5,90,15716,-11085,"2016-09-07 15:53:21.905","zigzag 1d"
263,151.227553324968,-33.9315169712615,10,,,2.5,1.89999997615814,0.0,-83,-89,-89,-100,-101,-93,-102,-108,124.9,90,15716,-11085,"2016-09-07 15:53:22.004","zigzag 1d"
264,151.227555182032,-33.9315149744595,10,,,1.89999997615814,1.39999997615814,0.0,-83,-89,-89,-100,-101,-93,-102,-108,125.5,90,15716,-11085,"2016-09-07 15:53:22.104","zigzag 1d"
265,151.227557097319,-33.9315134117993,10,,,1.39999997615814,1.10000002384186,0.0,-83,-89,-89,-100,-101,-93,-102,-108,125.9,90,15716,-11085,"2016-09-07 15:53:22.204","zigzag 1d"
266,151.227557097319,-33.9315134117993,10,,,1.39999997615814,1.10000002384186,0.0,-83,-89,-89,-100,-101,-93,-102,-108,125.9,90,15716,-11085,"2016-09-07 15:53:22.304","zigzag 1d"
267,151.227559371545,-33.9315114430072,10,,,0.600000023841858,0.5,0.0,-83,-89,-89,-100,-101,-93,-102,-108,124.2,90,15716,-11085,"2016-09-07 15:53:22.404","zigzag 1d"
268,151.227559800672,-33.9315111342549,10,,,0.100000001490116,0.200000002980232,0.0,-83,-89,-89,-100,-101,-93,-102,-108,123.3,90,15716,-11085,"2016-09-07 15:53:22.505","zigzag 1d"
269,151.22755998543,-33.9315105865981,10,,,-0.100000001490116,0.0,0.0,-83,-89,-89,-100,-101,-93,-102,-108,122.7,90,15716,-11085,"2016-09-07 15:53:22.607","zigzag 1d"
270,151.227559838227,-33.9315109161539,10,,,-0.5,-0.200000002980232,0.0,-83,-89,-89,-100,-101,-93,-102,-108,122.6,90,15716,-11085,"2016-09-07 15:53:22.713","zigzag 1d"
271,151.227558548615,-33.9315121253521,10,,,-0.800000011920929,-0.5,0.0,-96,-98,-99,-96,-100,-94,-102,-108,122.7,90,15716,-11085,"2016-09-07 15:53:22.807","zigzag 1d"
272,151.2275581134,-33.9315123329043,10,,,-1.20000004768372,-0.699999988079071,0.0,-96,-98,-99,-96,-100,-94,-102,-108,122.9,90,15721,-11954,"2016-09-07 15:53:22.905","zigzag 1d"
273,151.22755593758,-33.9315142480925,10,,,-1.5,-1.10000002384186,0.0,-96,-98,-99,-96,-100,-94,-102,-108,123.3,90,15721,-11954,"2016-09-07 15:53:23.005","zigzag 1d"
274,151.227554600243,-33.9315158700664,10,,,-1.89999997615814,-1.29999995231628,0.0,-96,-98,-99,-96,-100,-94,-102,-108,123.5,90,15721,-11954,"2016-09-07 15:53:23.108","zigzag 1d"
275,151.227551535227,-33.9315182999823,10,,,-2.20000004768372,-1.60000002384186,0.0,-96,-98,-99,-96,-100,-94,-102,-108,123.7,90,15721,-11954,"2016-09-07 15:53:23.206","zigzag 1d"
276,151.227549686422,-33.9315205174065,10,,,-2.59999990463257,-1.70000004768372,0.0,-96,-98,-99,-96,-100,-94,-102,-108,123.7,90,15721,-11954,"2016-09-07 15:53:23.307","zigzag 1d"
277,151.227546515102,-33.9315238147877,10,,,-2.90000009536743,-2.0,0.0,-96,-98,-99,-96,-100,-94,-102,-108,123.6,90,15721,-11954,"2016-09-07 15:53:23.407","zigzag 1d"
278,151.227543707421,-33.9315265644778,10.1000003814697,,,-3.20000004768372,-2.09999990463257,0.0,-96,-98,-99,-96,-100,-94,-102,-108,123.7,90,15721,-11954,"2016-09-07 15:53:23.511","zigzag 1d"
279,151.227540264406,-33.931530342136,10.1000003814697,,,-3.5,-2.40000009536743,0.0,-96,-98,-99,-96,-100,-94,-102,-108,124.1,90,15721,-11954,"2016-09-07 15:53:23.607","zigzag 1d"
280,151.227540264406,-33.931530342136,10.1000003814697,,,-3.5,-2.40000009536743,0.0,-96,-98,-99,-96,-100,-94,-102,-108,124.1,90,15721,-11954,"2016-09-07 15:53:23.708","zigzag 1d"
281,151.22753334652,-33.9315381203829,10,,,-3.79999995231628,-2.70000004768372,0.0,-94,-101,-100,-100,-95,-93,-102,-108,124.2,90,15721,-11954,"2016-09-07 15:53:23.808","zigzag 1d"
282,151.22753042944,-33.9315415813328,10,,,-3.70000004768372,-2.59999990463257,0.0,-94,-101,-100,-100,-95,-93,-102,-108,124.5,90,15797,-10752,"2016-09-07 15:53:23.909","zigzag 1d"
283,151.227527038547,-33.9315456758894,10,,,-3.5,-2.40000009536743,0.0,-94,-101,-100,-100,-95,-93,-102,-108,124.3,90,15797,-10752,"2016-09-07 15:53:24.008","zigzag 1d"
284,151.227524513672,-33.9315486576395,9.89999961853027,,,-3.0,-2.09999990463257,0.0,-94,-101,-100,-100,-95,-93,-102,-108,124.0,90,15797,-10752,"2016-09-07 15:53:24.108","zigzag 1d"
285,151.227521381632,-33.9315521613495,9.89999961853027,,,-2.5,-1.79999995231628,0.0,-94,-101,-100,-100,-95,-93,-102,-108,123.0,90,15797,-10752,"2016-09-07 15:53:24.213","zigzag 1d"
286,151.227519545987,-33.9315542000986,9.89999961853027,,,-1.89999997615814,-1.5,-0.100000001490116,-94,-101,-100,-100,-95,-93,-102,-108,122.3,90,15797,-10752,"2016-09-07 15:53:24.308","zigzag 1d"
287,151.227517519863,-33.9315561695048,9.89999961853027,,,-1.5,-1.29999995231628,-0.100000001490116,-94,-101,-100,-100,-95,-93,-102,-108,122.5,90,15797,-10752,"2016-09-07 15:53:24.408","zigzag 1d"
288,151.227515641337,-33.9315579261592,9.89999961853027,,,-1.0,-1.10000002384186,-0.100000001490116,-94,-101,-100,-100,-95,-93,-102,-108,123.3,90,15797,-10752,"2016-09-07 15:53:24.509","zigzag 1d"
289,151.227514689845,-33.9315589457164,9.89999961853027,,,-0.699999988079071,-1.0,-0.100000001490116,-94,-101,-100,-100,-95,-93,-102,-108,124.2,90,15797,-10752,"2016-09-07 15:53:24.609","zigzag 1d"
290,151.227513745745,-33.9315593906164,10,,,-0.200000002980232,-0.699999988079071,-0.100000001490116,-94,-101,-100,-100,-95,-93,-102,-108,124.6,90,15797,-10752,"2016-09-07 15:53:24.709","zigzag 1d"
291,151.22751283966,-33.9315601273814,10,,,0.0,-0.5,-0.100000001490116,-97,-82,-99,-99,-73,-94,-102,-108,124.6,90,15797,-10752,"2016-09-07 15:53:24.809","zigzag 1d"
292,151.227512317123,-33.9315599489802,9.89999961853027,,,0.300000011920929,-0.300000011920929,0.0,-97,-82,-99,-99,-73,-94,-102,-108,124.4,90,15723,-11286,"2016-09-07 15:53:24.909","zigzag 1d"
293,151.227512595983,-33.9315588522198,9.89999961853027,,,0.600000023841858,-0.100000001490116,0.0,-97,-82,-99,-99,-73,-94,-102,-108,124.2,90,15723,-11286,"2016-09-07 15:53:25.009","zigzag 1d"
294,151.227512595983,-33.9315588522198,9.89999961853027,,,0.600000023841858,-0.100000001490116,0.0,-97,-82,-99,-99,-73,-94,-102,-108,124.2,90,15723,-11286,"2016-09-07 15:53:25.111","zigzag 1d"
295,151.227513035084,-33.9315569587375,9.89999961853027,,,1.29999995231628,0.200000002980232,0.0,-97,-82,-99,-99,-73,-94,-102,-108,124.1,90,15723,-11286,"2016-09-07 15:53:25.208","zigzag 1d"
296,151.227513479664,-33.9315555903979,10,,,1.60000002384186,0.5,0.0,-97,-82,-99,-99,-73,-94,-102,-108,124.4,90,15723,-11286,"2016-09-07 15:53:25.309","zigzag 1d"
297,151.227514927037,-33.9315532999268,10,,,1.79999995231628,0.699999988079071,0.0,-97,-82,-99,-99,-73,-94,-102,-108,125.6,90,15723,-11286,"2016-09-07 15:53:25.411","zigzag 1d"
298,151.227515903123,-33.9315514979173,10,,,2.0,1.0,0.0,-97,-82,-99,-99,-73,-94,-102,-108,126.8,90,15723,-11286,"2016-09-07 15:53:25.508","zigzag 1d"
299,151.227517682781,-33.9315487391499,10,,,2.29999995231628,1.20000004768372,0.0,-97,-82,-99,-99,-73,-94,-102,-108,126.9,90,15723,-11286,"2016-09-07 15:53:25.617","zigzag 1d"
300,151.227519322016,-33.9315464236815,10,,,2.5,1.39999997615814,0.0,-97,-82,-99,-99,-73,-94,-102,-108,127.1,90,15723,-11286,"2016-09-07 15:53:25.709","zigzag 1d"
301,151.227519322016,-33.9315464236815,10,,,2.5,1.39999997615814,0.0,-94,-102,-100,-101,-101,-90,-102,-108,127.1,90,15723,-11286,"2016-09-07 15:53:25.811","zigzag 1d"
302,151.227523663604,-33.93154079628,10.1000003814697,,,2.90000009536743,1.79999995231628,0.0,-94,-102,-100,-101,-101,-90,-102,-108,126.5,90,15739,-10582,"2016-09-07 15:53:25.909","zigzag 1d"
303,151.227526472309,-33.9315371286455,10,,,3.09999990463257,2.09999990463257,0.0,-94,-102,-100,-101,-101,-90,-102,-108,126.3,90,15739,-10582,"2016-09-07 15:53:26.008","zigzag 1d"
304,151.227528892929,-33.9315341924387,10,,,3.29999995231628,2.29999995231628,0.0,-94,-102,-100,-101,-101,-90,-102,-108,126.2,90,15739,-10582,"2016-09-07 15:53:26.109","zigzag 1d"
305,151.22753219156,-33.9315305245645,10,,,3.5,2.5,0.0,-94,-102,-100,-101,-101,-90,-102,-108,126.1,90,15739,-10582,"2016-09-07 15:53:26.211","zigzag 1d"
306,151.227535183207,-33.9315269875479,10,,,3.70000004768372,2.70000004768372,0.0,-94,-102,-100,-101,-101,-90,-102,-108,126.0,90,15739,-10582,"2016-09-07 15:53:26.310","zigzag 1d"
307,151.227535183207,-33.9315269875479,10,,,3.70000004768372,2.70000004768372,0.0,-94,-102,-100,-101,-101,-90,-102,-108,126.0,90,15739,-10582,"2016-09-07 15:53:26.410","zigzag 1d"
308,151.227542064684,-33.9315196176175,10,,,3.59999990463257,2.79999995231628,0.0,-94,-102,-100,-101,-101,-90,-102,-108,124.6,90,15739,-10582,"2016-09-07 15:53:26.509","zigzag 1d"
309,151.227546000201,-33.9315158047217,9.89999961853027,,,3.29999995231628,2.70000004768372,0.0,-94,-102,-100,-101,-101,-90,-102,-108,124.1,90,15739,-10582,"2016-09-07 15:53:26.611","zigzag 1d"
310,151.227548888618,-33.9315129645673,9.89999961853027,,,2.79999995231628,2.40000009536743,0.0,-94,-102,-100,-101,-101,-90,-102,-108,124.2,90,15739,-10582,"2016-09-07 15:53:26.711","zigzag 1d"
311,151.227552062525,-33.9315102590518,9.89999961853027,,,2.29999995231628,2.09999990463257,0.0,-90,-83,-93,-100,-97,-93,-100,-108,124.5,90,15739,-10582,"2016-09-07 15:53:26.810","zigzag 1d"
312,151.227554511816,-33.9315081990848,9.80000019073486,,,1.60000002384186,1.70000004768372,0.0,-90,-83,-93,-100,-97,-93,-100,-108,125.0,90,15765,-11226,"2016-09-07 15:53:26.911","zigzag 1d"
313,151.227556864703,-33.931506891824,9.80000019073486,,,1.20000004768372,1.39999997615814,-0.100000001490116,-90,-83,-93,-100,-97,-93,-100,-108,125.4,90,15765,-11226,"2016-09-07 15:53:27.011","zigzag 1d"
314,151.227558220872,-33.9315060156836,9.80000019073486,,,0.699999988079071,1.0,0.0,-90,-83,-93,-100,-97,-93,-100,-108,125.4,90,15765,-11226,"2016-09-07 15:53:27.111","zigzag 1d"
315,151.227559166397,-33.93150546513,9.80000019073486,,,0.400000005960464,0.800000011920929,0.0,-90,-83,-93,-100,-97,-93,-100,-108,124.6,90,15765,-11226,"2016-09-07 15:53:27.213","zigzag 1d"
316,151.227559166397,-33.93150546513,9.80000019073486,,,0.400000005960464,0.800000011920929,0.0,-90,-83,-93,-100,-97,-93,-100,-108,124.6,90,15765,-11226,"2016-09-07 15:53:27.312","zigzag 1d"
317,151.227560405722,-33.931505294542,9.80000019073486,,,-0.200000002980232,0.200000002980232,0.0,-90,-83,-93,-100,-97,-93,-100,-108,122.9,90,15765,-11226,"2016-09-07 15:53:27.412","zigzag 1d"
318,151.227560475068,-33.9315057595753,9.89999961853027,,,-0.600000023841858,0.0,0.0,-90,-83,-93,-100,-97,-93,-100,-108,122.6,90,15765,-11226,"2016-09-07 15:53:27.512","zigzag 1d"
319,151.227560070822,-33.9315063976092,9.89999961853027,,,-0.899999976158142,-0.200000002980232,0.0,-90,-83,-93,-100,-97,-93,-100,-108,122.6,90,15765,-11226,"2016-09-07 15:53:27.611","zigzag 1d"
320,151.22755967699,-33.9315074833106,9.89999961853027,,,-1.29999995231628,-0.400000005960464,0.0,-90,-83,-93,-100,-97,-93,-100,-108,122.8,90,15765,-11226,"2016-09-07 15:53:27.712","zigzag 1d"
321,151.227558109704,-33.9315096062648,9.89999961853027,,,-1.60000002384186,-0.600000023841858,0.0,-83,-83,-99,-100,-101,-93,-102,-108,123.4,90,15765,-11226,"2016-09-07 15:53:27.825","zigzag 1d"
322,151.227557296297,-33.9315108789738,9.89999961853027,,,-2.0,-0.800000011920929,0.0,-83,-83,-99,-100,-101,-93,-102,-108,124.0,90,15805,-10091,"2016-09-07 15:53:27.912","zigzag 1d"
323,151.227555419889,-33.9315136048547,9.89999961853027,,,-2.29999995231628,-1.0,0.0,-83,-83,-99,-100,-101,-93,-102,-108,124.6,90,15805,-10091,"2016-09-07 15:53:28.012","zigzag 1d"
324,151.227554118744,-33.931515899957,9.89999961853027,,,-2.59999990463257,-1.20000004768372,0.0,-83,-83,-99,-100,-101,-93,-102,-108,125.1,90,15805,-10091,"2016-09-07 15:53:28.114","zigzag 1d"
325,151.227551268851,-33.9315192535025,9.89999961853027,,,-3.0,-1.5,0.0,-83,-83,-99,-100,-101,-93,-102,-108,125.3,90,15805,-10091,"2016-09-07 15:53:28.213","zigzag 1d"
326,151.227549460502,-33.9315221053824,9.89999961853027,,,-3.20000004768372,-1.70000004768372,0.0,-83,-83,-99,-100,-101,-93,-102,-108,125.3,90,15805,-10091,"2016-09-07 15:53:28.313","zigzag 1d"
327,151.227546724132,-33.9315259802417,9.89999961853027,,,-3.5,-1.89999997615814,0.0,-83,-83,-99,-100,-101,-93,-102,-108,125.0,90,15805,-10091,"2016-09-07 15:53:28.414","zigzag 1d"
328,151.227544060286,-33.9315294364898,9.80000019073486,,,-3.79999995231628,-2.0,0.0,-83,-83,-99,-100,-101,-93,-102,-108,124.8,90,15805,-10091,"2016-09-07 15:53:28.513","zigzag 1d"
329,151.227544060286,-33.9315294364898,9.80000019073486,,,-3.79999995231628,-2.0,0.0,-83,-83,-99,-100,-101,-93,-102,-108,124.8,90,15805,-10091,"2016-09-07 15:53:28.613","zigzag 1d"
330,151.227538677272,-33.9315377294607,9.80000019073486,,,-4.40000009536743,-2.20000004768372,0.0,-83,-83,-99,-100,-101,-93,-102,-108,123.4,90,15805,-10091,"2016-09-07 15:53:28.716","zigzag 1d"
331,151.227535373827,-33.9315428765704,9.80000019073486,,,-4.59999990463257,-2.29999995231628,-0.100000001490116,-82,-87,-98,-99,-99,-93,-102,-108,123.4,90,15805,-10091,"2016-09-07 15:53:28.814","zigzag 1d"
332,151.227532856799,-33.9315471050535,9.80000019073486,,,-4.59999990463257,-2.20000004768372,-0.100000001490116,-82,-87,-98,-99,-99,-93,-102,-108,124.6,90,15754,-10616,"2016-09-07 15:53:28.917","zigzag 1d"
333,151.227530084882,-33.9315520069642,9.80000019073486,,,-4.40000009536743,-2.09999990463257,0.0,-82,-87,-98,-99,-99,-93,-102,-108,124.5,90,15754,-10616,"2016-09-07 15:53:29.017","zigzag 1d"
334,151.227527682997,-33.9315561742731,9.80000019073486,,,-4.0,-1.79999995231628,-0.100000001490116,-82,-87,-98,-99,-99,-93,-102,-108,124.1,90,15754,-10616,"2016-09-07 15:53:29.117","zigzag 1d"
335,151.22752561437,-33.9315603643092,9.69999980926514,,,-3.59999990463257,-1.5,0.0,-82,-87,-98,-99,-99,-93,-102,-108,123.4,90,15754,-10616,"2016-09-07 15:53:29.219","zigzag 1d"
336,151.227524040758,-33.931563335913,9.69999980926514,,,-2.90000009536743,-1.29999995231628,-0.100000001490116,-82,-87,-98,-99,-99,-93,-102,-108,122.7,90,15754,-10616,"2016-09-07 15:53:29.330","zigzag 1d"
337,151.227522281588,-33.9315667245913,9.69999980926514,,,-2.5,-1.10000002384186,-0.100000001490116,-82,-87,-98,-99,-99,-93,-102,-108,123.0,90,15754,-10616,"2016-09-07 15:53:29.417","zigzag 1d"
338,151.22752119374,-33.9315687578641,9.69999980926514,,,-1.89999997615814,-0.800000011920929,0.0,-82,-87,-98,-99,-99,-93,-102,-108,123.2,90,15754,-10616,"2016-09-07 15:53:29.517","zigzag 1d"
339,151.227520402314,-33.9315706659062,9.69999980926514,,,-1.60000002384186,-0.699999988079071,-0.100000001490116,-82,-87,-98,-99,-99,-93,-102,-108,123.6,90,15754,-10616,"2016-09-07 15:53:29.618","zigzag 1d"
340,151.227519258098,-33.9315727422734,9.69999980926514,,,-1.0,-0.400000005960464,-0.100000001490116,-82,-87,-98,-99,-99,-93,-102,-108,124.7,90,15754,-10616,"2016-09-07 15:53:29.718","zigzag 1d"
341,151.227519030087,-33.9315731862702,9.69999980926514,,,-0.699999988079071,-0.200000002980232,-0.200000002980232,-93,-101,-91,-97,-100,-93,-102,-108,125.1,90,15754,-10616,"2016-09-07 15:53:29.818","zigzag 1d"
342,151.227518890597,-33.9315735747407,9.69999980926514,,,-0.200000002980232,0.0,-0.100000001490116,-93,-101,-91,-97,-100,-93,-102,-108,125.2,90,15829,-9999,"2016-09-07 15:53:29.919","zigzag 1d"
343,151.227518807617,-33.931573753155,9.80000019073486,,,0.100000001490116,0.100000001490116,-0.100000001490116,-93,-101,-91,-97,-100,-93,-102,-108,124.8,90,15829,-9999,"2016-09-07 15:53:30.018","zigzag 1d"
344,151.227519166112,-33.9315734031842,9.80000019073486,,,0.5,0.400000005960464,-0.100000001490116,-93,-101,-91,-97,-100,-93,-102,-108,124.3,90,15829,-9999,"2016-09-07 15:53:30.119","zigzag 1d"
345,151.227520105046,-33.9315716831888,9.80000019073486,,,0.899999976158142,0.600000023841858,0.0,-93,-101,-91,-97,-100,-93,-102,-108,123.9,90,15829,-9999,"2016-09-07 15:53:30.219","zigzag 1d"
346,151.227520896446,-33.9315705869019,9.80000019073486,,,1.29999995231628,0.800000011920929,-0.100000001490116,-93,-101,-91,-97,-100,-93,-102,-108,123.3,90,15829,-9999,"2016-09-07 15:53:30.321","zigzag 1d"
347,151.227522053631,-33.9315684044643,9.80000019073486,,,1.70000004768372,0.899999976158142,0.0,-93,-101,-91,-97,-100,-93,-102,-108,123.1,90,15829,-9999,"2016-09-07 15:53:30.421","zigzag 1d"
348,151.227523236424,-33.9315666318128,9.80000019073486,,,2.09999990463257,1.10000002384186,0.0,-93,-101,-91,-97,-100,-93,-102,-108,122.9,90,15829,-9999,"2016-09-07 15:53:30.521","zigzag 1d"
349,151.227525059652,-33.9315636094958,9.89999961853027,,,2.40000009536743,1.29999995231628,0.0,-93,-101,-91,-97,-100,-93,-102,-108,123.0,90,15829,-9999,"2016-09-07 15:53:30.621","zigzag 1d"
350,151.227526405289,-33.931561108809,9.89999961853027,,,2.70000004768372,1.5,0.0,-93,-101,-91,-97,-100,-93,-102,-108,123.3,90,15829,-9999,"2016-09-07 15:53:30.721","zigzag 1d"
351,151.227528767667,-33.9315574513809,9.89999961853027,,,3.0,1.70000004768372,0.0,-98,-101,-100,-100,-101,-94,-101,-108,123.6,90,15829,-9999,"2016-09-07 15:53:30.822","zigzag 1d"
352,151.227530705015,-33.9315546652291,9.89999961853027,,,3.0,1.70000004768372,0.0,-98,-101,-100,-100,-101,-94,-101,-108,124.1,90,15753,-10639,"2016-09-07 15:53:30.922","zigzag 1d"
353,151.227533110789,-33.9315509360652,9.89999961853027,,,2.90000009536743,1.70000004768372,0.0,-98,-101,-100,-100,-101,-94,-101,-108,124.0,90,15753,-10639,"2016-09-07 15:53:31.022","zigzag 1d"
354,151.227534917907,-33.9315484563805,9.89999961853027,,,2.40000009536743,1.5,0.0,-98,-101,-100,-100,-101,-94,-101,-108,124.4,90,15753,-10639,"2016-09-07 15:53:31.123","zigzag 1d"
355,151.227536875656,-33.9315455993786,9.80000019073486,,,1.89999997615814,1.20000004768372,0.0,-98,-101,-100,-100,-101,-94,-101,-108,125.3,90,15753,-10639,"2016-09-07 15:53:31.222","zigzag 1d"
356,151.227538112976,-33.9315437281124,9.80000019073486,,,1.29999995231628,0.800000011920929,0.0,-98,-101,-100,-100,-101,-94,-101,-108,125.8,90,15753,-10639,"2016-09-07 15:53:31.322","zigzag 1d"
357,151.227539491746,-33.9315424374346,9.80000019073486,,,0.800000011920929,0.5,0.0,-98,-101,-100,-100,-101,-94,-101,-108,125.6,90,15753,-10639,"2016-09-07 15:53:31.423","zigzag 1d"
358,151.227539859463,-33.9315419649564,9.80000019073486,,,0.200000002980232,0.100000001490116,-0.100000001490116,-98,-101,-100,-100,-101,-94,-101,-108,125.0,90,15753,-10639,"2016-09-07 15:53:31.522","zigzag 1d"
359,151.227540562787,-33.9315410891742,9.89999961853027,,,0.0,0.0,-0.100000001490116,-98,-101,-100,-100,-101,-94,-101,-108,123.7,90,15753,-10639,"2016-09-07 15:53:31.623","zigzag 1d"
360,151.227540377126,-33.9315413190186,9.89999961853027,,,-0.400000005960464,-0.200000002980232,0.0,-98,-101,-100,-100,-101,-94,-101,-108,122.5,90,15753,-10639,"2016-09-07 15:53:31.732","zigzag 1d"
361,151.227539734182,-33.9315421499497,10,,,-0.800000011920929,-0.400000005960464,-0.100000001490116,-84,-84,-97,-100,-85,-96,-102,-108,121.7,90,15753,-10639,"2016-09-07 15:53:31.824","zigzag 1d"
362,151.227539838517,-33.9315420655299,10,,,-1.20000004768372,-0.699999988079071,0.0,-84,-84,-97,-100,-85,-96,-102,-108,121.4,90,15736,-11148,"2016-09-07 15:53:31.925","zigzag 1d"
363,151.227538328336,-33.9315439810881,10,,,-1.60000002384186,-0.899999976158142,0.0,-84,-84,-97,-100,-85,-96,-102,-108,121.6,90,15736,-11148,"2016-09-07 15:53:32.025","zigzag 1d"
364,151.227537230639,-33.931545592245,10,,,-1.79999995231628,-1.0,0.0,-84,-84,-97,-100,-85,-96,-102,-108,122.5,90,15736,-11148,"2016-09-07 15:53:32.125","zigzag 1d"
365,151.227535756102,-33.931547522315,10,,,-1.79999995231628,-0.899999976158142,0.0,-84,-84,-97,-100,-85,-96,-102,-108,124.1,90,15736,-11148,"2016-09-07 15:53:32.232","zigzag 1d"
366,151.227534717921,-33.9315491805867,10,,,-1.70000004768372,-0.800000011920929,0.0,-84,-84,-97,-100,-85,-96,-102,-108,125.1,90,15736,-11148,"2016-09-07 15:53:32.326","zigzag 1d"
367,151.227533257761,-33.9315514104435,10,,,-1.39999997615814,-0.600000023841858,0.0,-84,-84,-97,-100,-85,-96,-102,-108,125.7,90,15736,-11148,"2016-09-07 15:53:32.426","zigzag 1d"
368,151.227532587775,-33.9315524159408,10,,,-1.0,-0.300000011920929,0.0,-84,-84,-97,-100,-85,-96,-102,-108,126.0,90,15736,-11148,"2016-09-07 15:53:32.526","zigzag 1d"
369,151.227531479484,-33.9315540323734,10,,,-0.699999988079071,-0.200000002980232,0.0,-84,-84,-97,-100,-85,-96,-102,-108,126.0,90,15736,-11148,"2016-09-07 15:53:32.627","zigzag 1d"
370,151.227531372285,-33.9315545577061,10,,,-0.400000005960464,0.0,0.0,-84,-84,-97,-100,-85,-96,-102,-108,125.9,90,15736,-11148,"2016-09-07 15:53:32.727","zigzag 1d"
371,151.227531372285,-33.9315545577061,10,,,-0.400000005960464,0.0,0.0,-94,-102,-99,-101,-100,-93,-102,-108,125.9,90,15736,-11148,"2016-09-07 15:53:32.827","zigzag 1d"
372,151.22753082546,-33.9315561447165,10,,,0.0,0.300000011920929,0.0,-94,-102,-99,-101,-100,-93,-102,-108,125.3,90,15653,-11881,"2016-09-07 15:53:32.929","zigzag 1d"
373,151.227531514573,-33.9315561662277,10,,,0.100000001490116,0.5,0.0,-94,-102,-99,-101,-100,-93,-102,-108,125.1,90,15653,-11881,"2016-09-07 15:53:33.027","zigzag 1d"
374,151.22753157964,-33.931556770176,10,,,0.5,0.699999988079071,0.0,-94,-102,-99,-101,-100,-93,-102,-108,124.6,90,15653,-11881,"2016-09-07 15:53:33.127","zigzag 1d"
375,151.227532823681,-33.9315561406664,10,,,0.699999988079071,0.899999976158142,0.0,-94,-102,-99,-101,-100,-93,-102,-108,124.3,90,15653,-11881,"2016-09-07 15:53:33.226","zigzag 1d"
376,151.227533932159,-33.9315553456113,10,,,1.0,1.10000002384186,0.0,-94,-102,-99,-101,-100,-93,-102,-108,124.1,90,15653,-11881,"2016-09-07 15:53:33.328","zigzag 1d"
377,151.227535922419,-33.9315539570592,10,,,1.20000004768372,1.29999995231628,0.0,-94,-102,-99,-101,-100,-93,-102,-108,124.0,90,15653,-11881,"2016-09-07 15:53:33.428","zigzag 1d"
378,151.227537175869,-33.9315533174597,10,,,1.5,1.39999997615814,0.0,-94,-102,-99,-101,-100,-93,-102,-108,124.2,90,15653,-11881,"2016-09-07 15:53:33.529","zigzag 1d"
379,151.227539563609,-33.9315512363131,10,,,1.79999995231628,1.60000002384186,0.0,-94,-102,-99,-101,-100,-93,-102,-108,124.7,90,15653,-11881,"2016-09-07 15:53:33.628","zigzag 1d"
380,151.227541509136,-33.9315494456118,10,,,2.09999990463257,1.79999995231628,0.0,-94,-102,-99,-101,-100,-93,-102,-108,125.4,90,15653,-11881,"2016-09-07 15:53:33.729","zigzag 1d"
381,151.227544465631,-33.9315471480576,10,,,2.29999995231628,2.0,0.0,-89,-100,-100,-100,-99,-93,-102,-108,126.0,90,15653,-11881,"2016-09-07 15:53:33.829","zigzag 1d"
382,151.227546830482,-33.9315449215957,10,,,2.40000009536743,2.20000004768372,0.0,-89,-100,-100,-100,-99,-93,-102,-108,126.3,90,15708,-11100,"2016-09-07 15:53:33.933","zigzag 1d"
383,151.227549912142,-33.931542180482,9.89999961853027,,,2.29999995231628,2.20000004768372,0.0,-89,-100,-100,-100,-99,-93,-102,-108,126.2,90,15708,-11100,"2016-09-07 15:53:34.032","zigzag 1d"
384,151.227552563544,-33.9315401737692,9.89999961853027,,,2.0,2.09999990463257,0.0,-89,-100,-100,-100,-99,-93,-102,-108,125.9,90,15708,-11100,"2016-09-07 15:53:34.129","zigzag 1d"
385,151.227555280426,-33.9315379366224,9.80000019073486,,,1.5,1.79999995231628,0.0,-89,-100,-100,-100,-99,-93,-102,-108,126.4,90,15708,-11100,"2016-09-07 15:53:34.229","zigzag 1d"
386,151.227557077429,-33.9315368052486,9.80000019073486,,,0.899999976158142,1.39999997615814,0.0,-89,-100,-100,-100,-99,-93,-102,-108,127.0,90,15708,-11100,"2016-09-07 15:53:34.329","zigzag 1d"
387,151.227559556292,-33.9315355759616,9.80000019073486,,,0.5,1.10000002384186,-0.100000001490116,-89,-100,-100,-100,-99,-93,-102,-108,126.6,90,15708,-11100,"2016-09-07 15:53:34.428","zigzag 1d"
388,151.227560627774,-33.931535328863,9.80000019073486,,,0.0,0.800000011920929,-0.100000001490116,-89,-100,-100,-100,-99,-93,-102,-108,124.7,90,15708,-11100,"2016-09-07 15:53:34.529","zigzag 1d"
389,151.227561733305,-33.9315351980516,9.80000019073486,,,-0.100000001490116,0.600000023841858,0.0,-89,-100,-100,-100,-99,-93,-102,-108,123.5,90,15708,-11100,"2016-09-07 15:53:34.632","zigzag 1d"
390,151.227563012214,-33.9315349698266,9.80000019073486,,,-0.600000023841858,0.400000005960464,-0.100000001490116,-89,-100,-100,-100,-99,-93,-102,-108,122.9,90,15708,-11100,"2016-09-07 15:53:34.733","zigzag 1d"
391,151.227563430596,-33.9315358811918,9.80000019073486,,,-0.800000011920929,0.300000011920929,-0.100000001490116,-99,-102,-100,-98,-100,-94,-100,-108,122.6,90,15708,-11100,"2016-09-07 15:53:34.830","zigzag 1d"
392,151.227563430596,-33.9315358811918,9.80000019073486,,,-0.800000011920929,0.300000011920929,-0.100000001490116,-99,-102,-100,-98,-100,-94,-100,-108,122.6,90,15708,-11100,"2016-09-07 15:53:34.931","zigzag 1d"
393,151.227564216225,-33.9315379442564,9.80000019073486,,,-1.5,0.0,0.0,-99,-102,-100,-98,-100,-94,-100,-108,122.7,90,15708,-11100,"2016-09-07 15:53:35.031","zigzag 1d"
394,151.227564114127,-33.9315395731961,9.89999961853027,,,-1.89999997615814,-0.100000001490116,0.0,-99,-102,-100,-98,-100,-94,-100,-108,122.8,90,15708,-11100,"2016-09-07 15:53:35.132","zigzag 1d"
395,151.227563593531,-33.9315443811757,9.89999961853027,,,-2.59999990463257,-0.400000005960464,0.0,-99,-102,-100,-98,-100,-94,-100,-108,123.1,90,15708,-11100,"2016-09-07 15:53:35.240","zigzag 1d"
396,151.227563593531,-33.9315443811757,9.89999961853027,,,-2.59999990463257,-0.400000005960464,0.0,-99,-102,-100,-98,-100,-94,-100,-108,123.1,90,15708,-11100,"2016-09-07 15:53:35.333","zigzag 1d"
397,151.227562747928,-33.9315478037209,9.89999961853027,,,-2.79999995231628,-0.400000005960464,0.0,-99,-102,-100,-98,-100,-94,-100,-108,124.4,90,15708,-11100,"2016-09-07 15:53:35.434","zigzag 1d"
398,151.227562192363,-33.9315504162267,9.80000019073486,,,-2.79999995231628,-0.5,0.0,-99,-102,-100,-98,-100,-94,-100,-108,125.0,90,15708,-11100,"2016-09-07 15:53:35.536","zigzag 1d"
399,151.227561375177,-33.9315540564007,9.80000019073486,,,-2.70000004768372,-0.400000005960464,0.0,-99,-102,-100,-98,-100,-94,-100,-108,124.9,90,15708,-11100,"2016-09-07 15:53:35.634","zigzag 1d"
400,151.227560919822,-33.9315564939597,9.80000019073486,,,-2.5,-0.300000011920929,0.0,-99,-102,-100,-98,-100,-94,-100,-108,124.5,90,15708,-11100,"2016-09-07 15:53:35.734","zigzag 1d"
401,151.227560150908,-33.931559594808,9.80000019073486,,,-2.29999995231628,-0.300000011920929,0.0,-84,-84,-97,-101,-97,-95,-102,-108,124.3,90,15708,-11100,"2016-09-07 15:53:35.836","zigzag 1d"
402,151.227559741986,-33.9315619078772,9.80000019073486,,,-2.0,-0.200000002980232,-0.100000001490116,-84,-84,-97,-101,-97,-95,-102,-108,124.1,0,15778,-10628,"2016-09-07 15:53:35.935","zigzag 1d"
403,151.227559207926,-33.931564314262,9.80000019073486,,,-1.79999995231628,-0.200000002980232,0.0,-84,-84,-97,-101,-97,-95,-102,-108,124.0,0,15778,-10628,"2016-09-07 15:53:36.036","zigzag 1d"
404,151.22755895755,-33.9315658010561,9.80000019073486,,,-1.39999997615814,-0.200000002980232,0.0,-84,-84,-97,-101,-97,-95,-102,-108,124.0,0,15778,-10628,"2016-09-07 15:53:36.135","zigzag 1d"
405,151.227558320668,-33.9315680651706,9.80000019073486,,,-1.20000004768372,-0.100000001490116,-0.100000001490116,-84,-84,-97,-101,-97,-95,-102,-108,124.2,0,15778,-10628,"2016-09-07 15:53:36.235","zigzag 1d"
406,151.227558150217,-33.9315690204457,9.80000019073486,,,-0.899999976158142,-0.100000001490116,0.0,-84,-84,-97,-101,-97,-95,-102,-108,124.5,0,15778,-10628,"2016-09-07 15:53:36.335","zigzag 1d"
407,151.227557918465,-33.9315697125602,9.80000019073486,,,-0.699999988079071,-0.100000001490116,0.0,-84,-84,-97,-101,-97,-95,-102,-108,124.9,0,15778,-10628,"2016-09-07 15:53:36.436","zigzag 1d"
408,151.227557843069,-33.9315702688845,9.80000019073486,,,-0.5,0.0,0.0,-84,-84,-97,-101,-97,-95,-102,-108,124.9,0,15778,-10628,"2016-09-07 15:53:36.535","zigzag 1d"
409,151.227557572627,-33.931571029259,9.80000019073486,,,-0.400000005960464,0.0,0.0,-84,-84,-97,-101,-97,-95,-102,-108,124.5,0,15778,-10628,"2016-09-07 15:53:36.634","zigzag 1d"
410,151.227557606229,-33.9315713656974,9.80000019073486,,,-0.300000011920929,0.0,0.0,-84,-84,-97,-101,-97,-95,-102,-108,124.1,0,15778,-10628,"2016-09-07 15:53:36.735","zigzag 1d"
411,151.227557792266,-33.9315710916328,9.80000019073486,,,-0.200000002980232,0.100000001490116,0.0,-83,-83,-96,-100,-100,-94,-102,-108,123.5,0,15778,-10628,"2016-09-07 15:53:36.835","zigzag 1d"
412,151.22755777152,-33.9315716524642,9.80000019073486,,,-0.100000001490116,0.100000001490116,0.0,-83,-83,-96,-100,-100,-94,-102,-108,123.2,89,15724,-11176,"2016-09-07 15:53:36.935","zigzag 1d"
413,151.22755777152,-33.9315716524642,9.80000019073486,,,-0.100000001490116,0.100000001490116,0.0,-83,-83,-96,-100,-100,-94,-102,-108,123.2,89,15724,-11176,"2016-09-07 15:53:37.036","zigzag 1d"
414,151.227558685019,-33.9315707416925,9.80000019073486,,,0.0,0.200000002980232,0.0,-83,-83,-96,-100,-100,-94,-102,-108,122.8,89,15724,-11176,"2016-09-07 15:53:37.143","zigzag 1d"
415,151.227558685019,-33.9315707416925,9.80000019073486,,,0.0,0.200000002980232,0.0,-83,-83,-96,-100,-100,-94,-102,-108,122.8,89,15724,-11176,"2016-09-07 15:53:37.236","zigzag 1d"
416,151.227558938189,-33.9315706892276,9.89999961853027,,,0.0,0.200000002980232,0.0,-83,-83,-96,-100,-100,-94,-102,-108,123.0,89,15724,-11176,"2016-09-07 15:53:37.336","zigzag 1d"
417,151.227559285219,-33.9315702529696,9.89999961853027,,,0.100000001490116,0.200000002980232,0.0,-83,-83,-96,-100,-100,-94,-102,-108,123.2,89,15724,-11176,"2016-09-07 15:53:37.436","zigzag 1d"
418,151.227559843537,-33.9315694656593,9.89999961853027,,,0.100000001490116,0.200000002980232,0.0,-83,-83,-96,-100,-100,-94,-102,-108,123.7,89,15724,-11176,"2016-09-07 15:53:37.542","zigzag 1d"
419,151.227559843537,-33.9315694656593,9.89999961853027,,,0.100000001490116,0.200000002980232,0.0,-83,-83,-96,-100,-100,-94,-102,-108,123.7,89,15724,-11176,"2016-09-07 15:53:37.636","zigzag 1d"
420,151.227560062164,-33.93156939465,9.89999961853027,,,0.0,0.100000001490116,0.0,-83,-83,-96,-100,-100,-94,-102,-108,124.0,89,15724,-11176,"2016-09-07 15:53:37.737","zigzag 1d"
421,151.227560432064,-33.9315689045527,10,,,0.0,0.100000001490116,0.0,-90,-90,-94,-98,-101,-77,-102,-108,124.0,89,15724,-11176,"2016-09-07 15:53:37.838","zigzag 1d"
422,151.22756055824,-33.931568878842,9.89999961853027,,,0.0,0.0,0.0,-90,-90,-94,-98,-101,-77,-102,-108,124.2,89,15776,-9849,"2016-09-07 15:53:37.938","zigzag 1d"
423,151.227560696514,-33.9315687801091,10,,,0.0,0.0,0.0,-90,-90,-94,-98,-101,-77,-102,-108,124.3,89,15776,-9849,"2016-09-07 15:53:38.038","zigzag 1d"
424,151.227560808636,-33.9315686168189,10,,,0.0,0.0,0.0,-90,-90,-94,-98,-101,-77,-102,-108,124.3,89,15776,-9849,"2016-09-07 15:53:38.138","zigzag 1d"
425,151.227560724532,-33.9315687800804,10,,,0.0,0.0,0.0,-90,-90,-94,-98,-101,-77,-102,-108,124.5,89,15776,-9849,"2016-09-07 15:53:38.301","zigzag 1d"
426,151.227560724532,-33.9315687800804,10,,,0.0,0.0,0.0,-90,-90,-94,-98,-101,-77,-102,-108,124.5,89,15776,-9849,"2016-09-07 15:53:38.347","zigzag 1d"
427,151.22756066328,-33.931568855548,10,,,-0.100000001490116,0.0,0.0,-90,-90,-94,-98,-101,-77,-102,-108,124.8,89,15776,-9849,"2016-09-07 15:53:38.452","zigzag 1d"
428,151.227560630778,-33.9315689655654,10,,,-0.100000001490116,0.0,0.0,-90,-90,-94,-98,-101,-77,-102,-108,124.8,89,15776,-9849,"2016-09-07 15:53:38.558","zigzag 1d"
429,151.227560632856,-33.9315690103977,10,,,-0.200000002980232,0.0,0.0,-90,-90,-94,-98,-101,-77,-102,-108,124.9,89,15776,-9849,"2016-09-07 15:53:38.646","zigzag 1d"
430,151.2275604757,-33.9315692427598,10,,,-0.200000002980232,0.0,0.0,-90,-90,-94,-98,-101,-77,-102,-108,124.8,89,15776,-9849,"2016-09-07 15:53:38.741","zigzag 1d"
431,151.2275604757,-33.9315692427598,10,,,-0.200000002980232,0.0,0.0,-97,-97,-98,-100,-99,-96,-102,-108,124.8,89,15781,-10384,"2016-09-07 15:53:38.840","zigzag 1d"
432,151.227560380523,-33.9315694251553,10.1000003814697,,,-0.100000001490116,-0.100000001490116,0.0,-97,-97,-98,-100,-99,-96,-102,-108,124.8,89,15781,-10384,"2016-09-07 15:53:38.941","zigzag 1d"
433,151.227559930527,-33.93156987191,10,,,-0.100000001490116,-0.100000001490116,0.0,-97,-97,-98,-100,-99,-96,-102,-108,124.2,89,15781,-10384,"2016-09-07 15:53:39.054","zigzag 1d"
434,151.227559622927,-33.9315700535983,10,,,-0.100000001490116,-0.100000001490116,0.0,-97,-97,-98,-100,-99,-96,-102,-108,124.0,89,15781,-10384,"2016-09-07 15:53:39.143","zigzag 1d"
435,151.227559345601,-33.9315702082253,10,,,-0.100000001490116,-0.100000001490116,0.0,-97,-97,-98,-100,-99,-96,-102,-108,123.9,89,15781,-10384,"2016-09-07 15:53:39.252","zigzag 1d"
436,151.227559144642,-33.9315703253481,10,,,-0.100000001490116,-0.100000001490116,0.0,-97,-97,-98,-100,-99,-96,-102,-108,124.0,89,15781,-10384,"2016-09-07 15:53:39.346","zigzag 1d"
437,151.227558964176,-33.9315704119877,10.1000003814697,,,0.0,-0.100000001490116,0.0,-97,-97,-98,-100,-99,-96,-102,-108,124.3,89,15781,-10384,"2016-09-07 15:53:39.447","zigzag 1d"
438,151.227558775108,-33.9315704571429,10.1000003814697,,,-0.100000001490116,-0.100000001490116,0.0,-97,-97,-98,-100,-99,-96,-102,-108,124.5,89,15781,-10384,"2016-09-07 15:53:39.555","zigzag 1d"
439,151.227558631604,-33.9315706338543,10.1000003814697,,,0.0,-0.100000001490116,0.0,-97,-97,-98,-100,-99,-96,-102,-108,124.8,89,15781,-10384,"2016-09-07 15:53:39.652","zigzag 1d"
