id,Longitude,Latitude,Altitude,VelocityX,VelocityY,VelocityZ,Wifi1,Wifi2,Wifi3,Wifi4,Wifi5,Wifi6,Wifi7,Wifi8,DroneHeading,Battery,Voltage,Current,Date,Method,VelocitySolid
12421,151.226748826159,-33.9311576181901,9.60000038146973,0.0,-0.699999988079071,-0.100000001490116,-100,-100,-101,-102,-100,-99,-103,-108,98.6,24,14338,-11137,"2016-11-16 15:10:48.340","speed 5 -5",5
12422,151.226748292871,-33.9311576501396,9.60000038146973,0.0,-0.600000023841858,-0.100000001490116,-100,-100,-101,-102,-100,-99,-103,-108,98.6,24,14338,-11137,"2016-11-16 15:10:48.430","speed 5 -5",5
12423,151.226747713796,-33.9311576425645,9.60000038146973,0.0,-0.5,-0.100000001490116,-102,-102,-101,-99,-90,-98,-102,-108,98.5,24,14338,-11137,"2016-11-16 15:10:48.530","speed 5 -5",5
12424,151.226747185637,-33.9311575893592,9.60000038146973,0.0,-0.5,-0.100000001490116,-102,-102,-101,-99,-90,-98,-102,-108,98.5,24,14338,-11137,"2016-11-16 15:10:48.631","speed 5 -5",5
12425,151.226746641478,-33.931157566787,9.60000038146973,0.0,-0.400000005960464,-0.100000001490116,-102,-102,-101,-99,-90,-98,-102,-108,98.5,24,14338,-11137,"2016-11-16 15:10:48.731","speed 5 -5",5
12426,151.2267461858,-33.9311576201734,9.60000038146973,0.0,-0.400000005960464,0.0,-102,-102,-101,-99,-90,-98,-102,-108,98.5,24,14338,-11137,"2016-11-16 15:10:48.838","speed 5 -5",5
12427,151.226745753167,-33.9311575556111,9.60000038146973,0.0,-0.300000011920929,-0.100000001490116,-102,-102,-101,-99,-90,-98,-102,-108,98.7,24,14338,-11137,"2016-11-16 15:10:48.931","speed 5 -5",5
12428,151.22674550177,-33.9311574599394,9.60000038146973,0.0,-0.300000011920929,-0.100000001490116,-102,-102,-101,-99,-90,-98,-102,-108,98.8,24,14338,-11137,"2016-11-16 15:10:49.034","speed 5 -5",5
12429,151.226745116238,-33.9311573872751,9.60000038146973,0.100000001490116,-0.200000002980232,0.0,-102,-102,-101,-99,-90,-98,-102,-108,98.7,24,14338,-11137,"2016-11-16 15:10:49.135","speed 5 -5",5
12430,151.22674489905,-33.9311572445326,9.60000038146973,0.100000001490116,-0.200000002980232,-0.100000001490116,-102,-102,-101,-99,-90,-98,-102,-108,98.6,24,14338,-11137,"2016-11-16 15:10:49.234","speed 5 -5",5
12431,151.226744663995,-33.9311571369092,9.60000038146973,0.100000001490116,-0.200000002980232,-0.100000001490116,-102,-102,-101,-99,-90,-98,-102,-108,98.7,24,14338,-11137,"2016-11-16 15:10:49.357","speed 5 -5",5
12432,151.22674457707,-33.9311569706569,9.60000038146973,0.100000001490116,-0.100000001490116,-0.100000001490116,-102,-102,-101,-99,-90,-98,-102,-108,98.7,24,14338,-11137,"2016-11-16 15:10:49.435","speed 5 -5",5
12433,151.226744422773,-33.9311568656373,9.5,0.100000001490116,-0.100000001490116,-0.100000001490116,-100,-100,-100,-99,-101,-100,-102,-108,98.7,24,14338,-11137,"2016-11-16 15:10:49.544","speed 5 -5",5
12434,151.226744405594,-33.93115676996,9.5,0.0,0.0,0.0,-100,-100,-100,-99,-101,-100,-102,-108,98.7,24,14338,-11137,"2016-11-16 15:10:49.643","speed 5 -5",5
12435,151.22674431233,-33.9311566981987,9.5,0.0,0.0,0.0,-100,-100,-100,-99,-101,-100,-102,-108,98.6,24,14338,-11137,"2016-11-16 15:10:49.736","speed 5 -5",5
12436,151.226744378457,-33.931156765734,9.5,0.0,0.0,-0.100000001490116,-100,-100,-100,-99,-101,-100,-102,-108,98.6,24,14338,-11137,"2016-11-16 15:10:49.847","speed 5 -5",5
12437,151.226744336662,-33.931156738241,9.5,0.0,0.0,-0.100000001490116,-100,-100,-100,-99,-101,-100,-102,-108,98.7,24,14333,-11198,"2016-11-16 15:10:49.937","speed 5 -5",5
12438,151.226744442655,-33.9311567430699,9.5,0.0,0.0,-0.100000001490116,-100,-100,-100,-99,-101,-100,-102,-108,98.7,24,14333,-11198,"2016-11-16 15:10:50.045","speed 5 -5",5
12439,151.226744507584,-33.9311567910413,9.5,0.0,0.0,-0.100000001490116,-100,-100,-100,-99,-101,-100,-102,-108,98.6,24,14333,-11198,"2016-11-16 15:10:50.137","speed 5 -5",5
12440,151.226744502975,-33.9311567835983,9.5,0.0,0.0,-0.100000001490116,-100,-100,-100,-99,-101,-100,-102,-108,98.4,24,14333,-11198,"2016-11-16 15:10:50.245","speed 5 -5",5
12441,151.226744523108,-33.9311568460682,9.5,0.0,0.0,-0.100000001490116,-100,-100,-100,-99,-101,-100,-102,-108,98.2,24,14333,-11198,"2016-11-16 15:10:50.337","speed 5 -5",5
12442,151.226744640528,-33.9311568925272,9.5,0.0,0.0,-0.100000001490116,-100,-100,-100,-99,-101,-100,-102,-108,98.0,24,14333,-11198,"2016-11-16 15:10:50.437","speed 5 -5",5
12443,151.226744657824,-33.9311569462486,9.5,0.0,0.0,-0.100000001490116,-97,-102,-101,-101,-100,-99,-103,-108,98.0,24,14333,-11198,"2016-11-16 15:10:50.547","speed 5 -5",5
12444,151.226744777297,-33.931157096347,9.5,-0.100000001490116,0.0,-0.100000001490116,-97,-102,-101,-101,-100,-99,-103,-108,97.8,24,14333,-11198,"2016-11-16 15:10:50.637","speed 5 -5",5
12445,151.226744843415,-33.9311571660012,9.5,-0.100000001490116,0.0,-0.100000001490116,-97,-102,-101,-101,-100,-99,-103,-108,97.9,24,14333,-11198,"2016-11-16 15:10:50.738","speed 5 -5",5
12446,151.22674503804,-33.931157449108,9.5,-0.100000001490116,0.0,0.0,-97,-102,-101,-101,-100,-99,-103,-108,98.0,24,14333,-11198,"2016-11-16 15:10:50.846","speed 5 -5",5
12447,151.226745041423,-33.9311575398798,9.5,0.0,0.0,0.0,-97,-102,-101,-101,-100,-99,-103,-108,98.2,24,14363,-10223,"2016-11-16 15:10:50.938","speed 5 -5",5
12448,151.226745373275,-33.9311577604517,9.5,0.0,0.100000001490116,0.0,-97,-102,-101,-101,-100,-99,-103,-108,98.3,24,14363,-10223,"2016-11-16 15:10:51.047","speed 5 -5",5
12449,151.226745566071,-33.9311578364539,9.5,0.0,0.200000002980232,0.0,-97,-102,-101,-101,-100,-99,-103,-108,98.4,24,14363,-10223,"2016-11-16 15:10:51.139","speed 5 -5",5
12450,151.226745894307,-33.9311579008708,9.5,0.0,0.400000005960464,0.0,-97,-102,-101,-101,-100,-99,-103,-108,98.5,24,14363,-10223,"2016-11-16 15:10:51.239","speed 5 -5",5
12451,151.226746585792,-33.9311580052159,9.60000038146973,0.0,0.600000023841858,-0.100000001490116,-97,-102,-101,-101,-100,-99,-103,-108,98.4,24,14363,-10223,"2016-11-16 15:10:51.340","speed 5 -5",5
12452,151.226747291676,-33.9311580657218,9.60000038146973,0.0,0.800000011920929,0.0,-97,-102,-101,-101,-100,-99,-103,-108,98.4,24,14363,-10223,"2016-11-16 15:10:51.439","speed 5 -5",5
12453,151.226748292184,-33.9311581289991,9.60000038146973,0.0,1.0,-0.100000001490116,-100,-100,-101,-102,-96,-97,-103,-108,98.3,24,14363,-10223,"2016-11-16 15:10:51.539","speed 5 -5",5
12454,151.226749577005,-33.9311582541583,9.60000038146973,0.0,1.20000004768372,0.0,-100,-100,-101,-102,-96,-97,-103,-108,97.9,24,14363,-10223,"2016-11-16 15:10:51.639","speed 5 -5",5
12455,151.226749577005,-33.9311582541583,9.60000038146973,0.0,1.20000004768372,0.0,-100,-100,-101,-102,-96,-97,-103,-108,97.9,24,14363,-10223,"2016-11-16 15:10:51.740","speed 5 -5",5
12456,151.226752989024,-33.9311583890741,9.69999980926514,-0.100000001490116,1.60000002384186,0.0,-100,-100,-101,-102,-96,-97,-103,-108,97.6,24,14363,-10223,"2016-11-16 15:10:51.839","speed 5 -5",5
12457,151.226754712762,-33.931158490457,9.80000019073486,-0.100000001490116,1.79999995231628,0.0,-100,-100,-101,-102,-96,-97,-103,-108,97.6,24,14395,-9554,"2016-11-16 15:10:51.940","speed 5 -5",5
12458,151.226757187717,-33.9311586422326,9.80000019073486,0.0,2.0,0.0,-100,-100,-101,-102,-96,-97,-103,-108,97.6,24,14395,-9554,"2016-11-16 15:10:52.041","speed 5 -5",5
12459,151.22675960313,-33.931158735239,9.80000019073486,-0.100000001490116,2.29999995231628,0.0,-100,-100,-101,-102,-96,-97,-103,-108,97.6,24,14395,-9554,"2016-11-16 15:10:52.156","speed 5 -5",5
12460,151.22676255518,-33.9311587415042,9.80000019073486,-0.100000001490116,2.5,0.0,-100,-100,-101,-102,-96,-97,-103,-108,97.3,24,14395,-9554,"2016-11-16 15:10:52.241","speed 5 -5",5
12461,151.226765459206,-33.9311588473531,9.89999961853027,-0.100000001490116,2.70000004768372,-0.100000001490116,-100,-100,-101,-102,-96,-97,-103,-108,97.1,24,14395,-9554,"2016-11-16 15:10:52.341","speed 5 -5",5
12462,151.226769089107,-33.9311590126528,9.89999961853027,-0.100000001490116,3.0,0.0,-100,-100,-101,-102,-96,-97,-103,-108,96.7,24,14395,-9554,"2016-11-16 15:10:52.442","speed 5 -5",5
12463,151.226772428393,-33.9311591222143,9.89999961853027,-0.100000001490116,3.20000004768372,0.0,-99,-102,-100,-101,-98,-98,-103,-108,96.4,24,14395,-9554,"2016-11-16 15:10:52.542","speed 5 -5",5
12464,151.226776627059,-33.9311593285111,9.89999961853027,-0.100000001490116,3.40000009536743,0.0,-99,-102,-100,-101,-98,-98,-103,-108,96.5,24,14395,-9554,"2016-11-16 15:10:52.642","speed 5 -5",5
12465,151.22678050101,-33.9311595134398,10,-0.200000002980232,3.59999990463257,0.0,-99,-102,-100,-101,-98,-98,-103,-108,96.8,24,14395,-9554,"2016-11-16 15:10:52.742","speed 5 -5",5
12466,151.226785252215,-33.9311597543005,10,-0.200000002980232,3.70000004768372,-0.100000001490116,-99,-102,-100,-101,-98,-98,-103,-108,96.6,24,14395,-9554,"2016-11-16 15:10:52.844","speed 5 -5",5
12467,151.226789366822,-33.9311599432548,10,-0.200000002980232,3.70000004768372,-0.100000001490116,-99,-102,-100,-101,-98,-98,-103,-108,96.8,24,14365,-10165,"2016-11-16 15:10:52.946","speed 5 -5",5
12468,151.2267939125,-33.93116025824,10,-0.200000002980232,3.59999990463257,0.0,-99,-102,-100,-101,-98,-98,-103,-108,97.4,24,14365,-10165,"2016-11-16 15:10:53.043","speed 5 -5",5
12469,151.226797883435,-33.9311604838559,10,-0.200000002980232,3.40000009536743,0.0,-99,-102,-100,-101,-98,-98,-103,-108,97.8,24,14365,-10165,"2016-11-16 15:10:53.144","speed 5 -5",5
12470,151.22680202956,-33.9311607960943,10,-0.300000011920929,3.09999990463257,0.0,-99,-102,-100,-101,-98,-98,-103,-108,97.8,24,14365,-10165,"2016-11-16 15:10:53.243","speed 5 -5",5
12471,151.226805238102,-33.9311610539681,10,-0.200000002980232,2.70000004768372,-0.200000002980232,-99,-102,-100,-101,-98,-98,-103,-108,98.1,24,14365,-10165,"2016-11-16 15:10:53.342","speed 5 -5",5
12472,151.226808527524,-33.9311615583791,10,-0.200000002980232,2.40000009536743,-0.100000001490116,-99,-102,-100,-101,-98,-98,-103,-108,98.2,24,14365,-10165,"2016-11-16 15:10:53.443","speed 5 -5",5
12473,151.226811316028,-33.931161884885,10,-0.200000002980232,1.89999997615814,-0.100000001490116,-101,-102,-99,-98,-101,-97,-102,-108,98.2,24,14365,-10165,"2016-11-16 15:10:53.543","speed 5 -5",5
12474,151.226813494336,-33.9311622054796,10,-0.200000002980232,1.60000002384186,-0.100000001490116,-101,-102,-99,-98,-101,-97,-102,-108,98.2,24,14365,-10165,"2016-11-16 15:10:53.644","speed 5 -5",5
12475,151.226814989931,-33.9311623747352,10,-0.100000001490116,1.10000002384186,0.0,-101,-102,-99,-98,-101,-97,-102,-108,98.2,24,14365,-10165,"2016-11-16 15:10:53.744","speed 5 -5",5
12476,151.226816598963,-33.931162652013,10,-0.100000001490116,0.899999976158142,0.0,-101,-102,-99,-98,-101,-97,-102,-108,98.3,24,14365,-10165,"2016-11-16 15:10:53.844","speed 5 -5",5
12477,151.226817430756,-33.9311627829459,10,-0.100000001490116,0.600000023841858,0.0,-101,-102,-99,-98,-101,-97,-102,-108,98.2,24,14282,-13095,"2016-11-16 15:10:53.951","speed 5 -5",5
12478,151.226817773594,-33.9311629022987,10.1000003814697,-0.100000001490116,0.600000023841858,0.0,-101,-102,-99,-98,-101,-97,-102,-108,97.9,24,14282,-13095,"2016-11-16 15:10:54.044","speed 5 -5",5
12479,151.226819153146,-33.9311631796928,10.1000003814697,-0.100000001490116,0.5,0.0,-101,-102,-99,-98,-101,-97,-102,-108,97.8,24,14282,-13095,"2016-11-16 15:10:54.147","speed 5 -5",5
12480,151.226819022489,-33.931163262715,10.1000003814697,-0.100000001490116,0.5,0.0,-101,-102,-99,-98,-101,-97,-102,-108,97.6,24,14282,-13095,"2016-11-16 15:10:54.245","speed 5 -5",5
12481,151.226819547136,-33.9311634406862,10.1000003814697,-0.100000001490116,0.400000005960464,0.0,-101,-102,-99,-98,-101,-97,-102,-108,97.4,24,14282,-13095,"2016-11-16 15:10:54.345","speed 5 -5",5
12482,151.226819639707,-33.931163380674,10.1000003814697,-0.100000001490116,0.300000011920929,0.0,-101,-102,-99,-98,-101,-97,-102,-108,97.0,24,14282,-13095,"2016-11-16 15:10:54.445","speed 5 -5",5
12483,151.226820007196,-33.9311634805237,10.1000003814697,-0.100000001490116,0.300000011920929,0.0,-92,-102,-100,-95,-95,-99,-102,-108,96.9,24,14282,-13095,"2016-11-16 15:10:54.545","speed 5 -5",5
12484,151.22681950916,-33.9311635380339,10.1000003814697,0.0,0.100000001490116,0.0,-92,-102,-100,-95,-95,-99,-102,-108,97.0,24,14282,-13095,"2016-11-16 15:10:54.644","speed 5 -5",5
12485,151.22681933217,-33.9311634279284,10.1000003814697,0.0,0.0,0.0,-92,-102,-100,-95,-95,-99,-102,-108,97.1,24,14282,-13095,"2016-11-16 15:10:54.744","speed 5 -5",5
12486,151.226818904706,-33.931163580606,10.1000003814697,0.0,0.0,0.0,-92,-102,-100,-95,-95,-99,-102,-108,97.1,24,14282,-13095,"2016-11-16 15:10:54.848","speed 5 -5",5
12487,151.226818766678,-33.9311636360971,10.1000003814697,0.0,-0.100000001490116,0.0,-92,-102,-100,-95,-95,-99,-102,-108,97.1,24,14282,-13095,"2016-11-16 15:10:54.945","speed 5 -5",5
12488,151.22681797939,-33.9311635555343,10.1000003814697,0.0,-0.200000002980232,0.0,-92,-102,-100,-95,-95,-99,-102,-108,97.1,24,14282,-13095,"2016-11-16 15:10:55.051","speed 5 -5",5
12489,151.226817713955,-33.9311635744228,10.1000003814697,0.0,-0.200000002980232,0.0,-92,-102,-100,-95,-95,-99,-102,-108,97.0,24,14282,-13095,"2016-11-16 15:10:55.153","speed 5 -5",5
12490,151.226817097155,-33.9311639228781,10.1000003814697,0.0,-0.300000011920929,0.0,-92,-102,-100,-95,-95,-99,-102,-108,97.0,24,14282,-13095,"2016-11-16 15:10:55.247","speed 5 -5",5
12491,151.226816605128,-33.9311640465076,10.1000003814697,0.0,-0.400000005960464,0.0,-92,-102,-100,-95,-95,-99,-102,-108,96.8,24,14282,-13095,"2016-11-16 15:10:55.351","speed 5 -5",5
12492,151.226816019135,-33.9311640518771,10.1000003814697,0.0,-0.400000005960464,0.0,-92,-102,-100,-95,-95,-99,-102,-108,96.7,24,14282,-13095,"2016-11-16 15:10:55.446","speed 5 -5",5
12493,151.226815491574,-33.9311640909981,10.1000003814697,0.0,-0.5,0.0,-100,-94,-96,-100,-101,-94,-103,-108,96.5,24,14282,-13095,"2016-11-16 15:10:55.552","speed 5 -5",5
12494,151.226814755834,-33.9311641965761,10.1000003814697,0.0,-0.5,0.0,-100,-94,-96,-100,-101,-94,-103,-108,96.6,24,14282,-13095,"2016-11-16 15:10:55.647","speed 5 -5",5
12495,151.226814132218,-33.9311641924377,10.1000003814697,0.0,-0.5,0.0,-100,-94,-96,-100,-101,-94,-103,-108,96.7,24,14282,-13095,"2016-11-16 15:10:55.747","speed 5 -5",5
12496,151.22681339451,-33.9311643180077,10.1000003814697,0.0,-0.5,0.0,-100,-94,-96,-100,-101,-94,-103,-108,96.7,24,14282,-13095,"2016-11-16 15:10:55.854","speed 5 -5",5
12497,151.22681339451,-33.9311643180077,10.1000003814697,0.0,-0.5,0.0,-100,-94,-96,-100,-101,-94,-103,-108,96.7,24,14282,-13095,"2016-11-16 15:10:55.947","speed 5 -5",5
12498,151.226812228793,-33.9311642189608,10,0.100000001490116,-0.300000011920929,0.0,-100,-94,-96,-100,-101,-94,-103,-108,97.1,24,14282,-13095,"2016-11-16 15:10:56.055","speed 5 -5",5
12499,151.226811947069,-33.9311640796397,10.1000003814697,0.100000001490116,-0.100000001490116,0.0,-100,-94,-96,-100,-101,-94,-103,-108,96.9,24,14282,-13095,"2016-11-16 15:10:56.150","speed 5 -5",5
12500,151.226811929699,-33.9311639822778,10.1000003814697,0.100000001490116,0.0,0.0,-100,-94,-96,-100,-101,-94,-103,-108,96.5,24,14282,-13095,"2016-11-16 15:10:56.259","speed 5 -5",5
12501,151.22681218446,-33.9311638078043,10.1000003814697,0.100000001490116,0.300000011920929,0.0,-100,-94,-96,-100,-101,-94,-103,-108,95.9,24,14282,-13095,"2016-11-16 15:10:56.351","speed 5 -5",5
12502,151.22681275274,-33.9311636382837,10.1000003814697,0.100000001490116,0.600000023841858,0.0,-100,-94,-96,-100,-101,-94,-103,-108,95.3,24,14282,-13095,"2016-11-16 15:10:56.451","speed 5 -5",5
12503,151.226813587595,-33.9311634612307,10.1000003814697,0.100000001490116,0.800000011920929,0.0,-100,-88,-98,-102,-99,-98,-102,-108,95.2,24,14282,-13095,"2016-11-16 15:10:56.550","speed 5 -5",5
12504,151.226814688666,-33.9311633073937,10.1000003814697,0.100000001490116,1.0,0.0,-100,-88,-98,-102,-99,-98,-102,-108,95.0,24,14282,-13095,"2016-11-16 15:10:56.650","speed 5 -5",5
12505,151.226816021429,-33.9311631761472,10.1000003814697,0.100000001490116,1.29999995231628,0.0,-100,-88,-98,-102,-99,-98,-102,-108,94.9,24,14282,-13095,"2016-11-16 15:10:56.751","speed 5 -5",5
12506,151.2268179307,-33.9311631266305,10,0.0,1.5,0.100000001490116,-100,-88,-98,-102,-99,-98,-102,-108,94.5,24,14282,-13095,"2016-11-16 15:10:56.852","speed 5 -5",5
12507,151.226819346751,-33.9311631265073,10,0.0,1.70000004768372,0.100000001490116,-100,-88,-98,-102,-99,-98,-102,-108,94.2,24,14389,-9830,"2016-11-16 15:10:56.953","speed 5 -5",5
12508,151.226822016635,-33.9311631656709,10.1000003814697,0.0,2.0,0.0,-100,-88,-98,-102,-99,-98,-102,-108,93.9,24,14389,-9830,"2016-11-16 15:10:57.052","speed 5 -5",5
12509,151.226824345257,-33.9311632449855,10.1000003814697,-0.100000001490116,2.20000004768372,0.0,-100,-88,-98,-102,-99,-98,-102,-108,93.7,24,14389,-9830,"2016-11-16 15:10:57.153","speed 5 -5",5
12510,151.22682730674,-33.9311634621423,10.1000003814697,-0.100000001490116,2.40000009536743,0.100000001490116,-100,-88,-98,-102,-99,-98,-102,-108,93.4,24,14389,-9830,"2016-11-16 15:10:57.253","speed 5 -5",5
12511,151.226830148395,-33.9311635847543,10.1000003814697,-0.100000001490116,2.70000004768372,0.100000001490116,-100,-88,-98,-102,-99,-98,-102,-108,93.4,24,14389,-9830,"2016-11-16 15:10:57.354","speed 5 -5",5
12512,151.226833917289,-33.9311638075508,10.1000003814697,-0.100000001490116,2.90000009536743,0.0,-100,-88,-98,-102,-99,-98,-102,-108,93.4,24,14389,-9830,"2016-11-16 15:10:57.453","speed 5 -5",5
12513,151.226837325708,-33.9311639289471,10.1000003814697,-0.100000001490116,3.20000004768372,0.0,-101,-98,-101,-97,-101,-96,-103,-108,93.4,24,14389,-9830,"2016-11-16 15:10:57.554","speed 5 -5",5
12514,151.226841722494,-33.9311641259226,10.1000003814697,-0.200000002980232,3.40000009536743,0.0,-101,-98,-101,-97,-101,-96,-103,-108,93.3,24,14389,-9830,"2016-11-16 15:10:57.653","speed 5 -5",5
12515,151.226845632424,-33.9311643355933,10.1000003814697,-0.200000002980232,3.70000004768372,0.0,-101,-98,-101,-97,-101,-96,-103,-108,93.3,24,14389,-9830,"2016-11-16 15:10:57.753","speed 5 -5",5
12516,151.226850459294,-33.9311647858134,10.1000003814697,-0.300000011920929,3.90000009536743,0.0,-101,-98,-101,-97,-101,-96,-103,-108,93.8,24,14389,-9830,"2016-11-16 15:10:57.853","speed 5 -5",5
12517,151.226854852533,-33.9311651116391,10.1000003814697,-0.300000011920929,4.09999990463257,0.0,-101,-98,-101,-97,-101,-96,-103,-108,94.3,24,14389,-9830,"2016-11-16 15:10:57.954","speed 5 -5",5
12518,151.226860069073,-33.9311656145191,10.1000003814697,-0.400000005960464,4.30000019073486,0.0,-101,-98,-101,-97,-101,-96,-103,-108,94.5,24,14389,-9830,"2016-11-16 15:10:58.054","speed 5 -5",5
12519,151.226865001627,-33.9311661296734,10.1000003814697,-0.400000005960464,4.5,0.0,-101,-98,-101,-97,-101,-96,-103,-108,94.7,24,14389,-9830,"2016-11-16 15:10:58.154","speed 5 -5",5
12520,151.226870701025,-33.9311666151549,10.1000003814697,-0.400000005960464,4.59999990463257,0.0,-101,-98,-101,-97,-101,-96,-103,-108,94.8,24,14389,-9830,"2016-11-16 15:10:58.253","speed 5 -5",5
12521,151.226875881821,-33.931167055825,10.1000003814697,-0.400000005960464,4.80000019073486,0.0,-101,-98,-101,-97,-101,-96,-103,-108,94.8,24,14389,-9830,"2016-11-16 15:10:58.354","speed 5 -5",5
12522,151.226881853488,-33.9311676293512,10.1000003814697,-0.5,4.90000009536743,0.0,-101,-98,-101,-97,-101,-96,-103,-108,95.1,24,14389,-9830,"2016-11-16 15:10:58.454","speed 5 -5",5
12523,151.22688722049,-33.9311680576919,10.1000003814697,-0.400000005960464,4.90000009536743,0.0,-100,-102,-99,-100,-100,-98,-103,-108,95.3,24,14389,-9830,"2016-11-16 15:10:58.554","speed 5 -5",5
12524,151.226893241267,-33.9311684833926,10.1000003814697,-0.300000011920929,5.0,0.0,-100,-102,-99,-100,-100,-98,-103,-108,95.0,24,14389,-9830,"2016-11-16 15:10:58.654","speed 5 -5",5
12525,151.22689889358,-33.9311688810961,10.1000003814697,-0.300000011920929,5.0,0.0,-100,-102,-99,-100,-100,-98,-103,-108,95.0,24,14389,-9830,"2016-11-16 15:10:58.753","speed 5 -5",5
12526,151.226904940536,-33.9311692320062,10.1000003814697,-0.200000002980232,5.09999990463257,0.0,-100,-102,-99,-100,-100,-98,-103,-108,94.9,24,14389,-9830,"2016-11-16 15:10:58.854","speed 5 -5",5
12527,151.226910497833,-33.93116948003,10.1000003814697,-0.200000002980232,5.0,0.0,-100,-102,-99,-100,-100,-98,-103,-108,94.7,24,14337,-12250,"2016-11-16 15:10:58.954","speed 5 -5",5
12528,151.226916671663,-33.9311696136698,10.1000003814697,-0.200000002980232,5.0,0.0,-100,-102,-99,-100,-100,-98,-103,-108,94.6,24,14337,-12250,"2016-11-16 15:10:59.057","speed 5 -5",5
12529,151.226922178174,-33.9311698296806,10.1000003814697,-0.200000002980232,5.0,0.0,-100,-102,-99,-100,-100,-98,-103,-108,94.5,24,14337,-12250,"2016-11-16 15:10:59.156","speed 5 -5",5
12530,151.226927980978,-33.9311700153436,10.1000003814697,-0.200000002980232,5.0,0.0,-100,-102,-99,-100,-100,-98,-103,-108,94.2,24,14337,-12250,"2016-11-16 15:10:59.256","speed 5 -5",5
12531,151.226933708655,-33.9311703046146,10.1000003814697,-0.300000011920929,5.0,0.0,-100,-102,-99,-100,-100,-98,-103,-108,93.9,24,14337,-12250,"2016-11-16 15:10:59.355","speed 5 -5",5
12532,151.226939333733,-33.9311703890482,10.1000003814697,-0.300000011920929,5.0,0.100000001490116,-100,-102,-99,-100,-100,-98,-103,-108,93.8,24,14337,-12250,"2016-11-16 15:10:59.455","speed 5 -5",5
12533,151.226944827305,-33.9311707006418,10.1000003814697,-0.300000011920929,5.0,0.200000002980232,-89,-102,-102,-101,-101,-99,-102,-108,94.0,24,14337,-12250,"2016-11-16 15:10:59.555","speed 5 -5",5
12534,151.226950463131,-33.9311709120446,10,-0.300000011920929,5.09999990463257,0.100000001490116,-89,-102,-102,-101,-101,-99,-102,-108,94.0,24,14337,-12250,"2016-11-16 15:10:59.656","speed 5 -5",5
12535,151.226956306462,-33.9311711719969,10,-0.400000005960464,5.09999990463257,0.0,-89,-102,-102,-101,-101,-99,-102,-108,93.9,24,14337,-12250,"2016-11-16 15:10:59.755","speed 5 -5",5
12536,151.2269618409,-33.9311715359357,10,-0.400000005960464,5.09999990463257,0.0,-89,-102,-102,-101,-101,-99,-102,-108,93.8,24,14337,-12250,"2016-11-16 15:10:59.855","speed 5 -5",5
12537,151.226967384449,-33.9311719302837,10,-0.400000005960464,5.09999990463257,0.0,-89,-102,-102,-101,-101,-99,-102,-108,93.8,23,14360,-10162,"2016-11-16 15:10:59.956","speed 5 -5",5
12538,151.226973024199,-33.9311720989648,10,-0.300000011920929,5.0,0.0,-89,-102,-102,-101,-101,-99,-102,-108,93.9,23,14360,-10162,"2016-11-16 15:11:00.055","speed 5 -5",5
12539,151.226978554003,-33.9311724558335,10,-0.400000005960464,5.0,0.0,-89,-102,-102,-101,-101,-99,-102,-108,94.2,23,14360,-10162,"2016-11-16 15:11:00.155","speed 5 -5",5
12540,151.226984062559,-33.9311729456485,10,-0.400000005960464,5.09999990463257,0.0,-89,-102,-102,-101,-101,-99,-102,-108,94.2,23,14360,-10162,"2016-11-16 15:11:00.255","speed 5 -5",5
12541,151.226989634516,-33.9311732002529,10,-0.300000011920929,5.0,0.0,-89,-102,-102,-101,-101,-99,-102,-108,94.5,23,14360,-10162,"2016-11-16 15:11:00.356","speed 5 -5",5
12542,151.226995068237,-33.9311735126034,10,-0.300000011920929,5.0,0.0,-89,-102,-102,-101,-101,-99,-102,-108,94.8,23,14360,-10162,"2016-11-16 15:11:00.457","speed 5 -5",5
12543,151.227000609095,-33.9311738918099,10,-0.400000005960464,5.0,0.0,-100,-102,-98,-97,-102,-97,-103,-108,94.7,23,14360,-10162,"2016-11-16 15:11:00.557","speed 5 -5",5
12544,151.227006090875,-33.9311742977356,10,-0.5,5.09999990463257,0.0,-100,-102,-98,-97,-102,-97,-103,-108,94.7,23,14360,-10162,"2016-11-16 15:11:00.656","speed 5 -5",5
12545,151.227011663414,-33.9311747535872,10,-0.400000005960464,5.09999990463257,0.0,-100,-102,-98,-97,-102,-97,-103,-108,94.4,23,14360,-10162,"2016-11-16 15:11:00.756","speed 5 -5",5
12546,151.227017155657,-33.9311752638583,10,-0.400000005960464,5.09999990463257,0.0,-100,-102,-98,-97,-102,-97,-103,-108,94.7,23,14360,-10162,"2016-11-16 15:11:00.857","speed 5 -5",5
12547,151.227022669176,-33.931175682445,10,-0.400000005960464,5.0,0.0,-100,-102,-98,-97,-102,-97,-103,-108,94.9,23,14375,-9661,"2016-11-16 15:11:00.957","speed 5 -5",5
12548,151.227028140136,-33.9311760271985,10,-0.400000005960464,5.0,0.0,-100,-102,-98,-97,-102,-97,-103,-108,95.0,23,14375,-9661,"2016-11-16 15:11:01.057","speed 5 -5",5
12549,151.227033645223,-33.9311764122143,10,-0.400000005960464,5.0,0.0,-100,-102,-98,-97,-102,-97,-103,-108,94.8,23,14375,-9661,"2016-11-16 15:11:01.157","speed 5 -5",5
12550,151.227039115418,-33.9311767667937,10,-0.400000005960464,5.0,0.0,-100,-102,-98,-97,-102,-97,-103,-108,94.5,23,14375,-9661,"2016-11-16 15:11:01.258","speed 5 -5",5
12551,151.227044590587,-33.9311772336424,10,-0.5,5.0,0.0,-100,-102,-98,-97,-102,-97,-103,-108,94.1,23,14375,-9661,"2016-11-16 15:11:01.359","speed 5 -5",5
12552,151.227049966461,-33.9311777371448,10,-0.5,4.90000009536743,0.0,-100,-102,-98,-97,-102,-97,-103,-108,93.8,23,14375,-9661,"2016-11-16 15:11:01.460","speed 5 -5",5
12553,151.227049966461,-33.9311777371448,10,-0.5,4.90000009536743,0.0,-99,-95,-101,-101,-102,-95,-103,-108,93.8,23,14375,-9661,"2016-11-16 15:11:01.560","speed 5 -5",5
12554,151.227060794343,-33.9311785290913,10,-0.400000005960464,4.90000009536743,0.0,-99,-95,-101,-101,-102,-95,-103,-108,93.6,23,14375,-9661,"2016-11-16 15:11:01.660","speed 5 -5",5
12555,151.227066206937,-33.9311789233576,10,-0.400000005960464,4.90000009536743,0.0,-99,-95,-101,-101,-102,-95,-103,-108,93.7,23,14375,-9661,"2016-11-16 15:11:01.762","speed 5 -5",5
12556,151.227071529637,-33.9311792143387,10,-0.300000011920929,5.0,0.0,-99,-95,-101,-101,-102,-95,-103,-108,94.2,23,14375,-9661,"2016-11-16 15:11:01.860","speed 5 -5",5
12557,151.227077025202,-33.931179535657,10,-0.300000011920929,5.0,0.0,-99,-95,-101,-101,-102,-95,-103,-108,94.7,23,14427,-8847,"2016-11-16 15:11:01.962","speed 5 -5",5
12558,151.227082524846,-33.9311797899006,10,-0.300000011920929,5.09999990463257,0.0,-99,-95,-101,-101,-102,-95,-103,-108,95.2,23,14427,-8847,"2016-11-16 15:11:02.061","speed 5 -5",5
12559,151.227088102426,-33.9311800794677,10,-0.300000011920929,5.09999990463257,0.0,-99,-95,-101,-101,-102,-95,-103,-108,95.4,23,14427,-8847,"2016-11-16 15:11:02.161","speed 5 -5",5
12560,151.227093609601,-33.9311804592767,10,-0.300000011920929,5.09999990463257,0.0,-99,-95,-101,-101,-102,-95,-103,-108,95.6,23,14427,-8847,"2016-11-16 15:11:02.261","speed 5 -5",5
12561,151.227099160838,-33.9311807945006,10,-0.300000011920929,5.0,0.0,-99,-95,-101,-101,-102,-95,-103,-108,95.6,23,14427,-8847,"2016-11-16 15:11:02.362","speed 5 -5",5
12562,151.227104605909,-33.9311811195955,10,-0.400000005960464,5.0,0.0,-99,-95,-101,-101,-102,-95,-103,-108,95.4,23,14427,-8847,"2016-11-16 15:11:02.461","speed 5 -5",5
12563,151.227110070654,-33.9311815250036,10,-0.400000005960464,5.0,0.0,-99,-102,-98,-102,-102,-98,-103,-108,94.9,23,14427,-8847,"2016-11-16 15:11:02.562","speed 5 -5",5
12564,151.227115510232,-33.9311818084994,10.1000003814697,-0.400000005960464,4.90000009536743,0.0,-99,-102,-98,-102,-102,-98,-103,-108,94.7,23,14427,-8847,"2016-11-16 15:11:02.664","speed 5 -5",5
12565,151.227120947888,-33.9311822597748,10.1000003814697,-0.5,5.0,0.0,-99,-102,-98,-102,-102,-98,-103,-108,94.5,23,14427,-8847,"2016-11-16 15:11:02.762","speed 5 -5",5
12566,151.22712633731,-33.9311826938639,10.1000003814697,-0.5,5.0,0.0,-99,-102,-98,-102,-102,-98,-103,-108,94.2,23,14427,-8847,"2016-11-16 15:11:02.863","speed 5 -5",5
12567,151.227131802937,-33.9311831685696,10.1000003814697,-0.5,5.0,0.0,-99,-102,-98,-102,-102,-98,-103,-108,94.0,23,14427,-8847,"2016-11-16 15:11:02.964","speed 5 -5",5
12568,151.22713721511,-33.9311835853777,10.1000003814697,-0.5,5.0,0.0,-99,-102,-98,-102,-102,-98,-103,-108,93.7,23,14427,-8847,"2016-11-16 15:11:03.076","speed 5 -5",5
12569,151.22714271855,-33.9311839275069,10.1000003814697,-0.5,4.90000009536743,0.0,-99,-102,-98,-102,-102,-98,-103,-108,93.6,23,14427,-8847,"2016-11-16 15:11:03.164","speed 5 -5",5
12570,151.227148093324,-33.9311844577944,10.1000003814697,-0.400000005960464,4.90000009536743,0.0,-99,-102,-98,-102,-102,-98,-103,-108,93.5,23,14427,-8847,"2016-11-16 15:11:03.263","speed 5 -5",5
12571,151.227153485086,-33.9311849001817,10.1999998092651,-0.400000005960464,4.90000009536743,0.0,-99,-102,-98,-102,-102,-98,-103,-108,93.4,23,14427,-8847,"2016-11-16 15:11:03.363","speed 5 -5",5
12572,151.227158858815,-33.9311853900142,10.1999998092651,-0.400000005960464,4.90000009536743,0.0,-99,-102,-98,-102,-102,-98,-103,-108,93.5,23,14427,-8847,"2016-11-16 15:11:03.464","speed 5 -5",5
12573,151.227164251308,-33.931185813987,10.1999998092651,-0.400000005960464,4.90000009536743,0.0,-97,-100,-100,-100,-100,-93,-102,-108,93.6,23,14427,-8847,"2016-11-16 15:11:03.563","speed 5 -5",5
12574,151.227164251308,-33.931185813987,10.1999998092651,-0.400000005960464,4.90000009536743,0.0,-97,-100,-100,-100,-100,-93,-102,-108,93.6,23,14427,-8847,"2016-11-16 15:11:03.665","speed 5 -5",5
12575,151.227174920745,-33.93118662254,10.1999998092651,-0.400000005960464,4.90000009536743,0.100000001490116,-97,-100,-100,-100,-100,-93,-102,-108,93.7,23,14427,-8847,"2016-11-16 15:11:03.765","speed 5 -5",5
12576,151.227180239517,-33.9311870244542,10.1999998092651,-0.400000005960464,4.90000009536743,0.0,-97,-100,-100,-100,-100,-93,-102,-108,93.9,23,14427,-8847,"2016-11-16 15:11:03.864","speed 5 -5",5
12577,151.227185610374,-33.931187400049,10.1999998092651,-0.400000005960464,4.90000009536743,0.100000001490116,-97,-100,-100,-100,-100,-93,-102,-108,93.9,23,14435,-8323,"2016-11-16 15:11:03.964","speed 5 -5",5
12578,151.227190836078,-33.9311877012984,10.1999998092651,-0.300000011920929,4.90000009536743,0.0,-97,-100,-100,-100,-100,-93,-102,-108,94.0,23,14435,-8323,"2016-11-16 15:11:04.065","speed 5 -5",5
12579,151.22719617397,-33.9311880250383,10.1999998092651,-0.300000011920929,4.90000009536743,0.100000001490116,-97,-100,-100,-100,-100,-93,-102,-108,94.1,23,14435,-8323,"2016-11-16 15:11:04.165","speed 5 -5",5
12580,151.227201541228,-33.9311882503568,10.1999998092651,-0.300000011920929,4.90000009536743,0.200000002980232,-97,-100,-100,-100,-100,-93,-102,-108,94.4,23,14435,-8323,"2016-11-16 15:11:04.265","speed 5 -5",5
12581,151.227206859034,-33.9311885190942,10.1999998092651,-0.300000011920929,4.90000009536743,0.200000002980232,-97,-100,-100,-100,-100,-93,-102,-108,94.5,23,14435,-8323,"2016-11-16 15:11:04.365","speed 5 -5",5
12582,151.227212131286,-33.9311888405298,10.1999998092651,-0.300000011920929,4.90000009536743,0.200000002980232,-97,-100,-100,-100,-100,-93,-102,-108,94.6,23,14435,-8323,"2016-11-16 15:11:04.466","speed 5 -5",5
12583,151.227217521234,-33.9311891520928,10.1999998092651,-0.300000011920929,4.90000009536743,0.200000002980232,-94,-100,-98,-97,-102,-98,-100,-108,94.9,23,14435,-8323,"2016-11-16 15:11:04.566","speed 5 -5",5
12584,151.227222843993,-33.931189434997,10.1999998092651,-0.300000011920929,4.90000009536743,0.200000002980232,-94,-100,-98,-97,-102,-98,-100,-108,95.2,23,14435,-8323,"2016-11-16 15:11:04.666","speed 5 -5",5
12585,151.227228249137,-33.9311897587532,10.1999998092651,-0.300000011920929,4.90000009536743,0.200000002980232,-94,-100,-98,-97,-102,-98,-100,-108,95.4,23,14435,-8323,"2016-11-16 15:11:04.766","speed 5 -5",5
12586,151.22723363615,-33.9311900759465,10.1999998092651,-0.300000011920929,4.90000009536743,0.200000002980232,-94,-100,-98,-97,-102,-98,-100,-108,95.4,23,14435,-8323,"2016-11-16 15:11:04.865","speed 5 -5",5
12587,151.227239020258,-33.9311904150717,10.1000003814697,-0.400000005960464,4.90000009536743,0.200000002980232,-94,-100,-98,-97,-102,-98,-100,-108,95.3,23,14486,-8242,"2016-11-16 15:11:04.966","speed 5 -5",5
12588,151.227239020258,-33.9311904150717,10.1000003814697,-0.400000005960464,4.90000009536743,0.200000002980232,-94,-100,-98,-97,-102,-98,-100,-108,95.3,23,14486,-8242,"2016-11-16 15:11:05.067","speed 5 -5",5
12589,151.227249793202,-33.9311910581848,10.1999998092651,-0.400000005960464,4.90000009536743,0.100000001490116,-94,-100,-98,-97,-102,-98,-100,-108,94.9,23,14486,-8242,"2016-11-16 15:11:05.167","speed 5 -5",5
12590,151.227255148032,-33.9311913338666,10.1999998092651,-0.400000005960464,4.90000009536743,0.100000001490116,-94,-100,-98,-97,-102,-98,-100,-108,94.6,23,14486,-8242,"2016-11-16 15:11:05.268","speed 5 -5",5
12591,151.227260497552,-33.9311917271127,10.1000003814697,-0.400000005960464,4.90000009536743,0.100000001490116,-94,-100,-98,-97,-102,-98,-100,-108,94.6,23,14486,-8242,"2016-11-16 15:11:05.369","speed 5 -5",5
12592,151.22726587043,-33.9311920773807,10.1000003814697,-0.400000005960464,4.90000009536743,0.100000001490116,-94,-100,-98,-97,-102,-98,-100,-108,94.7,23,14486,-8242,"2016-11-16 15:11:05.469","speed 5 -5",5
12593,151.227271312249,-33.9311924484458,10.1000003814697,-0.400000005960464,4.90000009536743,0.100000001490116,-99,-100,-101,-100,-102,-98,-103,-108,94.8,23,14486,-8242,"2016-11-16 15:11:05.568","speed 5 -5",5
12594,151.227276751788,-33.9311929451699,10.1000003814697,-0.400000005960464,4.90000009536743,0.100000001490116,-99,-100,-101,-100,-102,-98,-103,-108,95.0,23,14486,-8242,"2016-11-16 15:11:05.668","speed 5 -5",5
12595,151.227282178547,-33.931193381688,10.1000003814697,-0.400000005960464,5.0,0.100000001490116,-99,-100,-101,-100,-102,-98,-103,-108,95.1,23,14486,-8242,"2016-11-16 15:11:05.769","speed 5 -5",5
12596,151.227287552741,-33.9311938022387,10.1000003814697,-0.400000005960464,4.90000009536743,0.100000001490116,-99,-100,-101,-100,-102,-98,-103,-108,95.2,23,14486,-8242,"2016-11-16 15:11:05.869","speed 5 -5",5
12597,151.227293034026,-33.9311942565758,10.1000003814697,-0.5,5.0,0.100000001490116,-99,-100,-101,-100,-102,-98,-103,-108,95.0,23,14478,-7523,"2016-11-16 15:11:05.969","speed 5 -5",5
12598,151.227298474396,-33.9311947751246,10.1000003814697,-0.5,5.0,0.0,-99,-100,-101,-100,-102,-98,-103,-108,94.8,23,14478,-7523,"2016-11-16 15:11:06.069","speed 5 -5",5
12599,151.227303893501,-33.9311952402953,10.1000003814697,-0.5,4.90000009536743,0.100000001490116,-99,-100,-101,-100,-102,-98,-103,-108,94.8,23,14478,-7523,"2016-11-16 15:11:06.169","speed 5 -5",5
12600,151.227309363341,-33.9311956358986,10.1000003814697,-0.5,4.90000009536743,0.0,-99,-100,-101,-100,-102,-98,-103,-108,94.5,23,14478,-7523,"2016-11-16 15:11:06.269","speed 5 -5",5
12601,151.227314779164,-33.9311961313792,10.1000003814697,-0.5,4.90000009536743,0.0,-99,-100,-101,-100,-102,-98,-103,-108,94.3,23,14478,-7523,"2016-11-16 15:11:06.369","speed 5 -5",5
12602,151.227314779164,-33.9311961313792,10.1000003814697,-0.5,4.90000009536743,0.0,-99,-100,-101,-100,-102,-98,-103,-108,94.3,23,14478,-7523,"2016-11-16 15:11:06.470","speed 5 -5",5
12603,151.227325737215,-33.931197153457,10.1000003814697,-0.5,4.90000009536743,0.0,-100,-98,-98,-101,-94,-98,-103,-108,93.8,23,14478,-7523,"2016-11-16 15:11:06.569","speed 5 -5",5
12604,151.227331037394,-33.9311976082745,10.1000003814697,-0.5,4.90000009536743,0.0,-100,-98,-98,-101,-94,-98,-103,-108,93.9,23,14478,-7523,"2016-11-16 15:11:06.670","speed 5 -5",5
12605,151.227336405326,-33.9311980823868,10.1000003814697,-0.5,4.90000009536743,0.0,-100,-98,-98,-101,-94,-98,-103,-108,94.1,23,14478,-7523,"2016-11-16 15:11:06.770","speed 5 -5",5
12606,151.227341853403,-33.9311985247358,10.1000003814697,-0.400000005960464,4.90000009536743,0.0,-100,-98,-98,-101,-94,-98,-103,-108,94.1,23,14478,-7523,"2016-11-16 15:11:06.871","speed 5 -5",5
12607,151.22734720009,-33.9311989430359,10.1999998092651,-0.400000005960464,4.90000009536743,0.0,-100,-98,-98,-101,-94,-98,-103,-108,94.3,23,14422,-8884,"2016-11-16 15:11:06.971","speed 5 -5",5
12608,151.227352541462,-33.9311993275029,10.1999998092651,-0.400000005960464,4.90000009536743,0.0,-100,-98,-98,-101,-94,-98,-103,-108,94.3,23,14422,-8884,"2016-11-16 15:11:07.071","speed 5 -5",5
12609,151.227357932173,-33.9311996916796,10.1999998092651,-0.300000011920929,4.90000009536743,0.0,-100,-98,-98,-101,-94,-98,-103,-108,94.4,23,14422,-8884,"2016-11-16 15:11:07.171","speed 5 -5",5
12610,151.22736330614,-33.931199886753,10.1999998092651,-0.300000011920929,4.90000009536743,0.100000001490116,-100,-98,-98,-101,-94,-98,-103,-108,94.7,23,14422,-8884,"2016-11-16 15:11:07.271","speed 5 -5",5
12611,151.227368653814,-33.9312001722287,10.1999998092651,-0.300000011920929,4.90000009536743,0.100000001490116,-100,-98,-98,-101,-94,-98,-103,-108,95.1,23,14422,-8884,"2016-11-16 15:11:07.371","speed 5 -5",5
12612,151.227373997519,-33.9312004243907,10.1999998092651,-0.200000002980232,4.80000019073486,0.100000001490116,-100,-98,-98,-101,-94,-98,-103,-108,95.2,23,14422,-8884,"2016-11-16 15:11:07.470","speed 5 -5",5
12613,151.227379305991,-33.9312006794868,10.1999998092651,-0.200000002980232,4.80000019073486,0.100000001490116,-102,-102,-101,-101,-101,-96,-103,-108,95.2,23,14422,-8884,"2016-11-16 15:11:07.571","speed 5 -5",5
12614,151.227384516377,-33.9312007759404,10.1999998092651,-0.200000002980232,4.80000019073486,0.100000001490116,-102,-102,-101,-101,-101,-96,-103,-108,95.1,23,14422,-8884,"2016-11-16 15:11:07.671","speed 5 -5",5
12615,151.227389844343,-33.9312010303368,10.1999998092651,-0.300000011920929,4.80000019073486,0.200000002980232,-102,-102,-101,-101,-101,-96,-103,-108,95.1,23,14422,-8884,"2016-11-16 15:11:07.771","speed 5 -5",5
12616,151.227389844343,-33.9312010303368,10.1999998092651,-0.300000011920929,4.80000019073486,0.200000002980232,-102,-102,-101,-101,-101,-96,-103,-108,95.1,23,14422,-8884,"2016-11-16 15:11:07.872","speed 5 -5",5
12617,151.227400565171,-33.9312015926345,10.1999998092651,-0.300000011920929,4.90000009536743,0.200000002980232,-102,-102,-101,-101,-101,-96,-103,-108,95.3,23,14400,-9510,"2016-11-16 15:11:07.971","speed 5 -5",5
12618,151.227405962718,-33.9312017868318,10.1999998092651,-0.400000005960464,4.90000009536743,0.200000002980232,-102,-102,-101,-101,-101,-96,-103,-108,95.2,23,14400,-9510,"2016-11-16 15:11:08.071","speed 5 -5",5
12619,151.227411380315,-33.9312021839509,10.1999998092651,-0.400000005960464,4.90000009536743,0.300000011920929,-102,-102,-101,-101,-101,-96,-103,-108,95.1,23,14400,-9510,"2016-11-16 15:11:08.171","speed 5 -5",5
12620,151.227416845396,-33.9312024847108,10.1000003814697,-0.400000005960464,5.0,0.300000011920929,-102,-102,-101,-101,-101,-96,-103,-108,95.0,23,14400,-9510,"2016-11-16 15:11:08.271","speed 5 -5",5
12621,151.227422309753,-33.9312027653124,10.1000003814697,-0.400000005960464,5.0,0.200000002980232,-102,-102,-101,-101,-101,-96,-103,-108,95.0,23,14400,-9510,"2016-11-16 15:11:08.374","speed 5 -5",5
12622,151.227427759791,-33.9312031180956,10.1000003814697,-0.400000005960464,4.90000009536743,0.200000002980232,-102,-102,-101,-101,-101,-96,-103,-108,95.0,23,14400,-9510,"2016-11-16 15:11:08.472","speed 5 -5",5
12623,151.227433179175,-33.93120355556,10,-0.400000005960464,4.90000009536743,0.200000002980232,-98,-99,-100,-98,-101,-99,-103,-108,95.0,23,14400,-9510,"2016-11-16 15:11:08.571","speed 5 -5",5
12624,151.227438543043,-33.9312039629854,10,-0.400000005960464,4.90000009536743,0.100000001490116,-98,-99,-100,-98,-101,-99,-103,-108,95.0,23,14400,-9510,"2016-11-16 15:11:08.673","speed 5 -5",5
12625,151.227443937688,-33.9312043970513,10,-0.400000005960464,4.90000009536743,0.100000001490116,-98,-99,-100,-98,-101,-99,-103,-108,95.1,23,14400,-9510,"2016-11-16 15:11:08.771","speed 5 -5",5
12626,151.227449344036,-33.9312049455734,10,-0.400000005960464,4.90000009536743,0.100000001490116,-98,-99,-100,-98,-101,-99,-103,-108,95.1,23,14400,-9510,"2016-11-16 15:11:08.871","speed 5 -5",5
12627,151.227454741114,-33.9312054008811,10,-0.5,4.90000009536743,0.0,-98,-99,-100,-98,-101,-99,-103,-108,95.2,23,14419,-8869,"2016-11-16 15:11:08.971","speed 5 -5",5
12628,151.227460152303,-33.9312058959629,10,-0.5,4.90000009536743,0.0,-98,-99,-100,-98,-101,-99,-103,-108,95.1,23,14419,-8869,"2016-11-16 15:11:09.072","speed 5 -5",5
12629,151.227465547306,-33.9312063777208,10,-0.5,4.90000009536743,0.100000001490116,-98,-99,-100,-98,-101,-99,-103,-108,95.0,23,14419,-8869,"2016-11-16 15:11:09.173","speed 5 -5",5
12630,151.227471011293,-33.9312069632081,10,-0.5,4.90000009536743,0.0,-98,-99,-100,-98,-101,-99,-103,-108,94.8,23,14419,-8869,"2016-11-16 15:11:09.273","speed 5 -5",5
12631,151.227476511028,-33.9312075508027,10,-0.5,5.0,0.200000002980232,-98,-99,-100,-98,-101,-99,-103,-108,94.7,23,14419,-8869,"2016-11-16 15:11:09.371","speed 5 -5",5
12632,151.227481796544,-33.9312081072462,10,-0.5,5.0,0.100000001490116,-98,-99,-100,-98,-101,-99,-103,-108,94.8,23,14419,-8869,"2016-11-16 15:11:09.472","speed 5 -5",5
12633,151.227487257432,-33.9312086244735,10,-0.5,5.0,0.100000001490116,-92,-102,-100,-98,-100,-98,-103,-108,95.0,23,14419,-8869,"2016-11-16 15:11:09.572","speed 5 -5",5
12634,151.22749259588,-33.9312091463447,10,-0.5,5.0,0.0,-92,-102,-100,-98,-100,-98,-103,-108,95.1,23,14419,-8869,"2016-11-16 15:11:09.672","speed 5 -5",5
12635,151.22749804924,-33.9312096061132,10,-0.400000005960464,5.0,0.0,-92,-102,-100,-98,-100,-98,-103,-108,95.4,23,14419,-8869,"2016-11-16 15:11:09.772","speed 5 -5",5
12636,151.22750358709,-33.9312100622242,10,-0.400000005960464,5.0,0.0,-92,-102,-100,-98,-100,-98,-103,-108,95.5,23,14419,-8869,"2016-11-16 15:11:09.873","speed 5 -5",5
12637,151.227509006909,-33.9312104644953,10,-0.400000005960464,5.0,0.0,-92,-102,-100,-98,-100,-98,-103,-108,95.6,23,14376,-10257,"2016-11-16 15:11:09.973","speed 5 -5",5
12638,151.227514538058,-33.9312108187578,10,-0.300000011920929,5.0,0.0,-92,-102,-100,-98,-100,-98,-103,-108,95.6,23,14376,-10257,"2016-11-16 15:11:10.072","speed 5 -5",5
12639,151.22752006354,-33.9312111720585,10,-0.300000011920929,5.0,0.0,-92,-102,-100,-98,-100,-98,-103,-108,95.8,23,14376,-10257,"2016-11-16 15:11:10.172","speed 5 -5",5
12640,151.227525559095,-33.9312115642715,10,-0.300000011920929,5.0,0.0,-92,-102,-100,-98,-100,-98,-103,-108,95.8,23,14376,-10257,"2016-11-16 15:11:10.273","speed 5 -5",5
12641,151.227531050484,-33.9312119115515,10,-0.300000011920929,5.0,0.0,-92,-102,-100,-98,-100,-98,-103,-108,95.7,23,14376,-10257,"2016-11-16 15:11:10.373","speed 5 -5",5
12642,151.227536525471,-33.9312121519627,10,-0.300000011920929,5.0,0.0,-92,-102,-100,-98,-100,-98,-103,-108,95.7,23,14376,-10257,"2016-11-16 15:11:10.475","speed 5 -5",5
12643,151.227542035407,-33.9312125336283,10,-0.300000011920929,5.0,0.0,-97,-102,-96,-102,-98,-97,-102,-108,95.6,23,14376,-10257,"2016-11-16 15:11:10.575","speed 5 -5",5
12644,151.2275475612,-33.9312127631287,10,-0.400000005960464,5.0,0.0,-97,-102,-96,-102,-98,-97,-102,-108,95.5,23,14376,-10257,"2016-11-16 15:11:10.675","speed 5 -5",5
12645,151.227553030445,-33.9312131378507,10,-0.400000005960464,5.0,0.0,-97,-102,-96,-102,-98,-97,-102,-108,95.4,23,14376,-10257,"2016-11-16 15:11:10.774","speed 5 -5",5
12646,151.227558539205,-33.9312135292893,10,-0.400000005960464,5.0,0.0,-97,-102,-96,-102,-98,-97,-102,-108,95.2,23,14376,-10257,"2016-11-16 15:11:10.875","speed 5 -5",5
12647,151.227563990737,-33.931213932002,10,-0.400000005960464,5.0,0.0,-97,-102,-96,-102,-98,-97,-102,-108,95.0,23,14317,-11108,"2016-11-16 15:11:10.975","speed 5 -5",5
12648,151.227569341765,-33.9312142632339,10,-0.400000005960464,5.0,0.0,-97,-102,-96,-102,-98,-97,-102,-108,95.0,23,14317,-11108,"2016-11-16 15:11:11.075","speed 5 -5",5
12649,151.227574799872,-33.9312146390764,10,-0.400000005960464,5.0,0.0,-97,-102,-96,-102,-98,-97,-102,-108,95.0,23,14317,-11108,"2016-11-16 15:11:11.175","speed 5 -5",5
12650,151.227580101316,-33.9312151071442,10,-0.400000005960464,4.90000009536743,0.0,-97,-102,-96,-102,-98,-97,-102,-108,94.9,23,14317,-11108,"2016-11-16 15:11:11.275","speed 5 -5",5
12651,151.227580101316,-33.9312151071442,10,-0.400000005960464,4.90000009536743,0.0,-97,-102,-96,-102,-98,-97,-102,-108,94.9,23,14317,-11108,"2016-11-16 15:11:11.375","speed 5 -5",5
12652,151.227590936528,-33.9312159178575,10,-0.400000005960464,4.90000009536743,0.0,-97,-102,-96,-102,-98,-97,-102,-108,94.9,23,14317,-11108,"2016-11-16 15:11:11.475","speed 5 -5",5
12653,151.227596326662,-33.9312163255967,10,-0.400000005960464,4.90000009536743,0.0,-98,-99,-95,-101,-102,-98,-103,-108,94.9,23,14317,-11108,"2016-11-16 15:11:11.576","speed 5 -5",5
12654,151.22760163831,-33.931216731931,10,-0.400000005960464,4.90000009536743,0.0,-98,-99,-95,-101,-102,-98,-103,-108,94.9,23,14317,-11108,"2016-11-16 15:11:11.676","speed 5 -5",5
12655,151.227606976942,-33.931217145241,10.1000003814697,-0.400000005960464,4.90000009536743,0.0,-98,-99,-95,-101,-102,-98,-103,-108,94.9,23,14317,-11108,"2016-11-16 15:11:11.777","speed 5 -5",5
12656,151.227612221376,-33.9312176174646,10.1000003814697,-0.400000005960464,4.90000009536743,0.0,-98,-99,-95,-101,-102,-98,-103,-108,95.0,23,14317,-11108,"2016-11-16 15:11:11.876","speed 5 -5",5
12657,151.227617579669,-33.9312180139984,10,-0.400000005960464,4.90000009536743,0.100000001490116,-98,-99,-95,-101,-102,-98,-103,-108,95.0,23,14347,-10914,"2016-11-16 15:11:11.976","speed 5 -5",5
12658,151.227617579669,-33.9312180139984,10,-0.400000005960464,4.90000009536743,0.100000001490116,-98,-99,-95,-101,-102,-98,-103,-108,95.0,23,14347,-10914,"2016-11-16 15:11:12.076","speed 5 -5",5
12659,151.227628310603,-33.9312187707484,10,-0.400000005960464,4.90000009536743,0.0,-98,-99,-95,-101,-102,-98,-103,-108,95.3,23,14347,-10914,"2016-11-16 15:11:12.177","speed 5 -5",5
12660,151.227633591283,-33.9312192032041,10.1000003814697,-0.300000011920929,4.90000009536743,0.0,-98,-99,-95,-101,-102,-98,-103,-108,95.3,23,14347,-10914,"2016-11-16 15:11:12.276","speed 5 -5",5
12661,151.22763901752,-33.9312195598291,10.1000003814697,-0.400000005960464,5.0,0.0,-98,-99,-95,-101,-102,-98,-103,-108,95.4,23,14347,-10914,"2016-11-16 15:11:12.376","speed 5 -5",5
12662,151.22764440188,-33.9312199412005,10.1000003814697,-0.300000011920929,4.90000009536743,0.0,-98,-99,-95,-101,-102,-98,-103,-108,95.3,23,14347,-10914,"2016-11-16 15:11:12.477","speed 5 -5",5
12663,151.227649837938,-33.9312202957284,10.1000003814697,-0.300000011920929,5.0,0.0,-101,-102,-100,-98,-96,-98,-102,-108,95.3,23,14347,-10914,"2016-11-16 15:11:12.577","speed 5 -5",5
12664,151.227655200282,-33.9312207199132,10.1000003814697,-0.400000005960464,5.0,0.0,-101,-102,-100,-98,-96,-98,-102,-108,95.2,23,14347,-10914,"2016-11-16 15:11:12.676","speed 5 -5",5
12665,151.227660563967,-33.9312211327606,10.1000003814697,-0.400000005960464,5.0,0.0,-101,-102,-100,-98,-96,-98,-102,-108,95.2,23,14347,-10914,"2016-11-16 15:11:12.776","speed 5 -5",5
12666,151.227665929924,-33.9312214881857,10.1000003814697,-0.400000005960464,5.0,0.0,-101,-102,-100,-98,-96,-98,-102,-108,95.3,23,14347,-10914,"2016-11-16 15:11:12.876","speed 5 -5",5
12667,151.227671426456,-33.9312219188902,10.1000003814697,-0.400000005960464,5.0,0.0,-101,-102,-100,-98,-96,-98,-102,-108,95.4,23,14339,-11238,"2016-11-16 15:11:12.976","speed 5 -5",5
12668,151.227676728189,-33.9312224701356,10.1000003814697,-0.5,5.0,0.0,-101,-102,-100,-98,-96,-98,-102,-108,95.1,23,14339,-11238,"2016-11-16 15:11:13.076","speed 5 -5",5
12669,151.227682230436,-33.9312229327685,10.1000003814697,-0.400000005960464,5.0,0.0,-101,-102,-100,-98,-96,-98,-102,-108,95.0,23,14339,-11238,"2016-11-16 15:11:13.176","speed 5 -5",5
12670,151.227687629764,-33.9312234600418,10.1000003814697,-0.400000005960464,5.0,0.0,-101,-102,-100,-98,-96,-98,-102,-108,94.9,23,14339,-11238,"2016-11-16 15:11:13.277","speed 5 -5",5
12671,151.227693014672,-33.9312238888787,10.1000003814697,-0.400000005960464,5.0,0.0,-101,-102,-100,-98,-96,-98,-102,-108,95.0,23,14339,-11238,"2016-11-16 15:11:13.377","speed 5 -5",5
12672,151.227698525661,-33.9312242681961,10.1000003814697,-0.400000005960464,5.0,0.0,-101,-102,-100,-98,-96,-98,-102,-108,94.8,23,14339,-11238,"2016-11-16 15:11:13.477","speed 5 -5",5
12673,151.227703960882,-33.931224629892,10.1000003814697,-0.300000011920929,4.90000009536743,0.0,-101,-100,-98,-101,-102,-95,-101,-108,94.8,23,14339,-11238,"2016-11-16 15:11:13.577","speed 5 -5",5
12674,151.227709204164,-33.9312250198836,10.1000003814697,-0.400000005960464,4.90000009536743,0.0,-101,-100,-98,-101,-102,-95,-101,-108,94.6,23,14339,-11238,"2016-11-16 15:11:13.678","speed 5 -5",5
12675,151.227714621995,-33.9312253914707,10.1999998092651,-0.400000005960464,4.90000009536743,0.0,-101,-100,-98,-101,-102,-95,-101,-108,94.4,23,14339,-11238,"2016-11-16 15:11:13.778","speed 5 -5",5
12676,151.227720025935,-33.9312258528066,10.1999998092651,-0.400000005960464,4.90000009536743,0.0,-101,-100,-98,-101,-102,-95,-101,-108,94.3,23,14339,-11238,"2016-11-16 15:11:13.878","speed 5 -5",5
12677,151.227725444255,-33.9312263002509,10.1999998092651,-0.400000005960464,5.0,0.100000001490116,-101,-100,-98,-101,-102,-95,-101,-108,94.3,23,14398,-9721,"2016-11-16 15:11:13.978","speed 5 -5",5
12678,151.227730753885,-33.9312265715898,10.1999998092651,-0.300000011920929,5.0,0.100000001490116,-101,-100,-98,-101,-102,-95,-101,-108,94.6,23,14398,-9721,"2016-11-16 15:11:14.078","speed 5 -5",5
12679,151.227736229879,-33.9312269138463,10.1000003814697,-0.300000011920929,5.0,0.200000002980232,-101,-100,-98,-101,-102,-95,-101,-108,94.8,23,14398,-9721,"2016-11-16 15:11:14.179","speed 5 -5",5
12680,151.227741660829,-33.931227173323,10.1000003814697,-0.300000011920929,5.0,0.100000001490116,-101,-100,-98,-101,-102,-95,-101,-108,94.9,23,14398,-9721,"2016-11-16 15:11:14.279","speed 5 -5",5
12681,151.227747162363,-33.9312274905085,10.1000003814697,-0.300000011920929,5.0,0.100000001490116,-101,-100,-98,-101,-102,-95,-101,-108,95.0,23,14398,-9721,"2016-11-16 15:11:14.379","speed 5 -5",5
12682,151.227752578928,-33.9312277951395,10.1000003814697,-0.300000011920929,5.0,0.100000001490116,-96,-102,-100,-101,-102,-98,-102,-108,94.9,23,14398,-9721,"2016-11-16 15:11:14.480","speed 5 -5",5
12683,151.227757984445,-33.9312280602271,10.1000003814697,-0.300000011920929,5.0,0.100000001490116,-96,-102,-100,-101,-102,-98,-102,-108,95.0,23,14398,-9721,"2016-11-16 15:11:14.580","speed 5 -5",5
12684,151.227763402962,-33.9312282861178,10.1000003814697,-0.200000002980232,4.90000009536743,0.100000001490116,-96,-102,-100,-101,-102,-98,-102,-108,95.2,23,14398,-9721,"2016-11-16 15:11:14.681","speed 5 -5",5
12685,151.227768828848,-33.9312285567308,10.1000003814697,-0.200000002980232,4.90000009536743,0.100000001490116,-96,-102,-100,-101,-102,-98,-102,-108,95.1,23,14398,-9721,"2016-11-16 15:11:14.781","speed 5 -5",5
12686,151.227774068698,-33.9312289133377,10.1999998092651,-0.300000011920929,4.90000009536743,0.100000001490116,-96,-102,-100,-101,-102,-98,-102,-108,95.1,23,14398,-9721,"2016-11-16 15:11:14.881","speed 5 -5",5
12687,151.227779479882,-33.931229202245,10.1999998092651,-0.300000011920929,4.90000009536743,0.100000001490116,-96,-102,-100,-101,-102,-98,-102,-108,95.0,22,14371,-9193,"2016-11-16 15:11:14.983","speed 5 -5",5
12688,151.227784893994,-33.9312294327218,10.1999998092651,-0.300000011920929,4.90000009536743,0.100000001490116,-96,-102,-100,-101,-102,-98,-102,-108,95.0,22,14371,-9193,"2016-11-16 15:11:15.082","speed 5 -5",5
12689,151.227795626599,-33.9312301490725,10.1000003814697,-0.300000011920929,4.90000009536743,0.200000002980232,-96,-102,-100,-101,-102,-98,-102,-108,94.8,22,14371,-9193,"2016-11-16 15:11:15.185","speed 5 -5",5
12690,151.227795626599,-33.9312301490725,10.1000003814697,-0.300000011920929,4.90000009536743,0.200000002980232,-96,-102,-100,-101,-102,-98,-102,-108,94.8,22,14371,-9193,"2016-11-16 15:11:15.285","speed 5 -5",5
12691,151.227806419487,-33.9312307704652,10.1000003814697,-0.300000011920929,4.90000009536743,0.100000001490116,-96,-102,-100,-101,-102,-98,-102,-108,94.8,22,14371,-9193,"2016-11-16 15:11:15.383","speed 5 -5",5
12692,151.227811860019,-33.9312310828082,10.1000003814697,-0.300000011920929,5.0,0.200000002980232,-100,-102,-100,-99,-101,-96,-103,-108,94.8,22,14371,-9193,"2016-11-16 15:11:15.493","speed 5 -5",5
12693,151.227817105896,-33.9312315116164,10.1000003814697,-0.300000011920929,5.0,0.100000001490116,-100,-102,-100,-99,-101,-96,-103,-108,94.8,22,14371,-9193,"2016-11-16 15:11:15.588","speed 5 -5",5
12694,151.227822555551,-33.9312318661143,10.1000003814697,-0.300000011920929,5.0,0.0,-100,-102,-100,-99,-101,-96,-103,-108,94.9,22,14371,-9193,"2016-11-16 15:11:15.694","speed 5 -5",5
12695,151.227828002642,-33.9312321020855,10.1000003814697,-0.400000005960464,5.0,0.100000001490116,-100,-102,-100,-99,-101,-96,-103,-108,95.0,22,14371,-9193,"2016-11-16 15:11:15.788","speed 5 -5",5
12696,151.227833506,-33.9312324780149,10.1000003814697,-0.400000005960464,5.0,0.100000001490116,-100,-102,-100,-99,-101,-96,-103,-108,94.9,22,14371,-9193,"2016-11-16 15:11:15.897","speed 5 -5",5
12697,151.22783897199,-33.9312329002004,10.1000003814697,-0.400000005960464,5.0,0.0,-100,-102,-100,-99,-101,-96,-103,-108,94.9,22,14371,-9193,"2016-11-16 15:11:15.987","speed 5 -5",5
12698,151.227844474954,-33.9312333198245,10.1000003814697,-0.5,5.0,0.0,-100,-102,-100,-99,-101,-96,-103,-108,94.8,22,14371,-9193,"2016-11-16 15:11:16.087","speed 5 -5",5
12699,151.227849976388,-33.9312338715424,10.1000003814697,-0.5,5.0,0.0,-100,-102,-100,-99,-101,-96,-103,-108,94.7,22,14371,-9193,"2016-11-16 15:11:16.188","speed 5 -5",5
12700,151.227855504522,-33.9312343631813,10.1000003814697,-0.5,5.0,0.0,-100,-102,-100,-99,-101,-96,-103,-108,94.7,22,14371,-9193,"2016-11-16 15:11:16.295","speed 5 -5",5
12701,151.227861025181,-33.9312349751457,10.1000003814697,-0.5,5.0,0.0,-100,-102,-100,-99,-101,-96,-103,-108,94.7,22,14371,-9193,"2016-11-16 15:11:16.388","speed 5 -5",5
12702,151.227866564154,-33.931235452393,10.1000003814697,-0.5,5.0,0.0,-90,-102,-100,-98,-92,-92,-102,-108,94.7,22,14371,-9193,"2016-11-16 15:11:16.489","speed 5 -5",5
12703,151.227872171585,-33.9312359017638,10.1000003814697,-0.5,5.0,0.0,-90,-102,-100,-98,-92,-92,-102,-108,94.8,22,14371,-9193,"2016-11-16 15:11:16.589","speed 5 -5",5
12704,151.227877712383,-33.9312363413319,10.1000003814697,-0.400000005960464,5.0,0.0,-90,-102,-100,-98,-92,-92,-102,-108,94.9,22,14371,-9193,"2016-11-16 15:11:16.689","speed 5 -5",5
12705,151.227883261031,-33.9312368190422,10.1000003814697,-0.5,5.0,0.0,-90,-102,-100,-98,-92,-92,-102,-108,94.9,22,14371,-9193,"2016-11-16 15:11:16.793","speed 5 -5",5
12706,151.227888759868,-33.9312372681254,10.1000003814697,-0.400000005960464,5.0,0.0,-90,-102,-100,-98,-92,-92,-102,-108,94.8,22,14323,-10726,"2016-11-16 15:11:16.892","speed 5 -5",5
12707,151.227894406927,-33.9312376807744,10.1000003814697,-0.5,5.0,0.0,-90,-102,-100,-98,-92,-92,-102,-108,94.7,22,14323,-10726,"2016-11-16 15:11:16.994","speed 5 -5",5
12708,151.227899878233,-33.9312381397208,10.1999998092651,-0.5,5.0,0.0,-90,-102,-100,-98,-92,-92,-102,-108,94.5,22,14323,-10726,"2016-11-16 15:11:17.092","speed 5 -5",5
12709,151.227905348774,-33.931238507575,10.1999998092651,-0.5,5.0,0.0,-90,-102,-100,-98,-92,-92,-102,-108,94.4,22,14323,-10726,"2016-11-16 15:11:17.201","speed 5 -5",5
12710,151.227910900987,-33.931238949667,10.1000003814697,-0.5,5.0,0.0,-90,-102,-100,-98,-92,-92,-102,-108,94.4,22,14323,-10726,"2016-11-16 15:11:17.292","speed 5 -5",5
12711,151.227916321442,-33.9312393541667,10.1999998092651,-0.5,5.0,0.0,-90,-102,-100,-98,-92,-92,-102,-108,94.4,22,14323,-10726,"2016-11-16 15:11:17.393","speed 5 -5",5
12712,151.227921758857,-33.9312398099273,10.1999998092651,-0.400000005960464,4.90000009536743,0.0,-98,-102,-102,-98,-100,-98,-102,-108,94.6,22,14323,-10726,"2016-11-16 15:11:17.497","speed 5 -5",5
12713,151.22792725296,-33.9312402012152,10.1000003814697,-0.400000005960464,4.90000009536743,0.200000002980232,-98,-102,-102,-98,-100,-98,-102,-108,94.7,22,14323,-10726,"2016-11-16 15:11:17.593","speed 5 -5",5
12714,151.227932670902,-33.9312406164169,10.1000003814697,-0.400000005960464,4.90000009536743,0.100000001490116,-98,-102,-102,-98,-100,-98,-102,-108,94.8,22,14323,-10726,"2016-11-16 15:11:17.693","speed 5 -5",5
12715,151.22793803741,-33.9312410110014,10.1000003814697,-0.400000005960464,4.90000009536743,0.100000001490116,-98,-102,-102,-98,-100,-98,-102,-108,94.9,22,14323,-10726,"2016-11-16 15:11:17.794","speed 5 -5",5
12716,151.227943501407,-33.9312413603386,10.1000003814697,-0.400000005960464,4.90000009536743,0.100000001490116,-98,-102,-102,-98,-100,-98,-102,-108,95.0,22,14366,-10723,"2016-11-16 15:11:17.895","speed 5 -5",5
12717,151.227948815209,-33.9312416738422,10.1000003814697,-0.400000005960464,4.90000009536743,0.0,-98,-102,-102,-98,-100,-98,-102,-108,95.2,22,14366,-10723,"2016-11-16 15:11:17.994","speed 5 -5",5
12718,151.22795422467,-33.9312420440923,10.1000003814697,-0.400000005960464,4.90000009536743,0.100000001490116,-98,-102,-102,-98,-100,-98,-102,-108,95.2,22,14366,-10723,"2016-11-16 15:11:18.095","speed 5 -5",5
12719,151.227959682439,-33.9312423166866,10.1000003814697,-0.400000005960464,4.90000009536743,0.0,-98,-102,-102,-98,-100,-98,-102,-108,95.2,22,14366,-10723,"2016-11-16 15:11:18.195","speed 5 -5",5
12720,151.227959682439,-33.9312423166866,10.1000003814697,-0.400000005960464,4.90000009536743,0.0,-98,-102,-102,-98,-100,-98,-102,-108,95.2,22,14366,-10723,"2016-11-16 15:11:18.295","speed 5 -5",5
12721,151.2279704993,-33.9312430905091,10.1000003814697,-0.400000005960464,4.90000009536743,0.0,-98,-102,-102,-98,-100,-98,-102,-108,95.2,22,14366,-10723,"2016-11-16 15:11:18.399","speed 5 -5",5
12722,151.227975927199,-33.9312434800756,10.1000003814697,-0.400000005960464,4.90000009536743,0.0,-101,-99,-98,-100,-98,-96,-100,-108,95.1,22,14366,-10723,"2016-11-16 15:11:18.503","speed 5 -5",5
12723,151.227981343497,-33.9312437091362,10.1000003814697,-0.400000005960464,5.0,0.0,-101,-99,-98,-100,-98,-96,-100,-108,95.3,22,14366,-10723,"2016-11-16 15:11:18.596","speed 5 -5",5
12724,151.227986776671,-33.9312440950892,10.1000003814697,-0.400000005960464,5.0,0.0,-101,-99,-98,-100,-98,-96,-100,-108,95.2,22,14366,-10723,"2016-11-16 15:11:18.703","speed 5 -5",5
12725,151.227992159259,-33.9312444429735,10.1000003814697,-0.400000005960464,5.0,0.0,-101,-99,-98,-100,-98,-96,-100,-108,95.3,22,14366,-10723,"2016-11-16 15:11:18.796","speed 5 -5",5
12726,151.227997616514,-33.9312447576683,10.1000003814697,-0.400000005960464,5.0,0.0,-101,-99,-98,-100,-98,-96,-100,-108,95.2,22,14383,-9162,"2016-11-16 15:11:18.896","speed 5 -5",5
12727,151.228003092505,-33.931245082628,10.1000003814697,-0.300000011920929,5.0,0.100000001490116,-101,-99,-98,-100,-98,-96,-100,-108,95.3,22,14383,-9162,"2016-11-16 15:11:18.996","speed 5 -5",5
12728,151.228008538155,-33.9312454252015,10.1000003814697,-0.300000011920929,5.0,0.0,-101,-99,-98,-100,-98,-96,-100,-108,95.3,22,14383,-9162,"2016-11-16 15:11:19.097","speed 5 -5",5
12729,151.228014018083,-33.9312456577782,10.1000003814697,-0.300000011920929,5.0,0.0,-101,-99,-98,-100,-98,-96,-100,-108,95.3,22,14383,-9162,"2016-11-16 15:11:19.199","speed 5 -5",5
12730,151.228019454401,-33.9312459587244,10.1000003814697,-0.300000011920929,4.90000009536743,0.0,-101,-99,-98,-100,-98,-96,-100,-108,95.2,22,14383,-9162,"2016-11-16 15:11:19.302","speed 5 -5",5
12731,151.228024872899,-33.9312461801797,10.1000003814697,-0.300000011920929,5.0,0.0,-101,-99,-98,-100,-98,-96,-100,-108,95.2,22,14383,-9162,"2016-11-16 15:11:19.397","speed 5 -5",5
12732,151.228030364492,-33.9312464074677,10.1000003814697,-0.300000011920929,5.0,0.100000001490116,-99,-102,-101,-99,-100,-98,-94,-108,95.1,22,14383,-9162,"2016-11-16 15:11:19.496","speed 5 -5",5
12733,151.228035813213,-33.9312465433695,10.1000003814697,-0.200000002980232,5.0,0.100000001490116,-99,-102,-101,-99,-100,-98,-94,-108,95.1,22,14383,-9162,"2016-11-16 15:11:19.603","speed 5 -5",5
12734,151.22804127299,-33.9312468191681,10.1000003814697,-0.300000011920929,5.0,0.100000001490116,-99,-102,-101,-99,-100,-98,-94,-108,95.0,22,14383,-9162,"2016-11-16 15:11:19.702","speed 5 -5",5
12735,151.228046763023,-33.9312469680504,10.1000003814697,-0.300000011920929,5.0,0.100000001490116,-99,-102,-101,-99,-100,-98,-94,-108,94.9,22,14383,-9162,"2016-11-16 15:11:19.801","speed 5 -5",5
12736,151.228052215542,-33.9312472537237,10.1000003814697,-0.300000011920929,5.0,0.100000001490116,-99,-102,-101,-99,-100,-98,-94,-108,94.8,22,14373,-9844,"2016-11-16 15:11:19.902","speed 5 -5",5
12737,151.228057747635,-33.9312474391052,10.1000003814697,-0.300000011920929,5.0,0.100000001490116,-99,-102,-101,-99,-100,-98,-94,-108,94.7,22,14373,-9844,"2016-11-16 15:11:20.004","speed 5 -5",5
12738,151.228063245685,-33.9312476273384,10.1000003814697,-0.300000011920929,5.0,0.100000001490116,-99,-102,-101,-99,-100,-98,-94,-108,94.8,22,14373,-9844,"2016-11-16 15:11:20.103","speed 5 -5",5
12739,151.228068760559,-33.9312478252865,10.1000003814697,-0.300000011920929,5.0,0.100000001490116,-99,-102,-101,-99,-100,-98,-94,-108,95.0,22,14373,-9844,"2016-11-16 15:11:20.202","speed 5 -5",5
12740,151.22807422585,-33.9312481452571,10.1000003814697,-0.300000011920929,5.0,0.100000001490116,-99,-102,-101,-99,-100,-98,-94,-108,95.0,22,14373,-9844,"2016-11-16 15:11:20.302","speed 5 -5",5
12741,151.22807422585,-33.9312481452571,10.1000003814697,-0.300000011920929,5.0,0.100000001490116,-99,-102,-101,-99,-100,-98,-94,-108,95.0,22,14373,-9844,"2016-11-16 15:11:20.403","speed 5 -5",5
12742,151.228085164697,-33.9312486925005,10.1000003814697,-0.400000005960464,5.0,0.0,-98,-101,-100,-76,-94,-95,-102,-108,95.1,22,14373,-9844,"2016-11-16 15:11:20.503","speed 5 -5",5
12743,151.228090757872,-33.9312491176747,10.1000003814697,-0.5,5.0,0.0,-98,-101,-100,-76,-94,-95,-102,-108,95.2,22,14373,-9844,"2016-11-16 15:11:20.604","speed 5 -5",5
12744,151.228096285317,-33.9312494907266,10.1000003814697,-0.5,4.90000009536743,0.0,-98,-101,-100,-76,-94,-95,-102,-108,95.3,22,14373,-9844,"2016-11-16 15:11:20.704","speed 5 -5",5
12745,151.22810170575,-33.9312498830292,10.1000003814697,-0.5,4.90000009536743,0.0,-98,-101,-100,-76,-94,-95,-102,-108,95.1,22,14373,-9844,"2016-11-16 15:11:20.806","speed 5 -5",5
12746,151.228107059683,-33.9312503727155,10.1999998092651,-0.5,4.90000009536743,0.0,-98,-101,-100,-76,-94,-95,-102,-108,95.1,22,14383,-9391,"2016-11-16 15:11:20.905","speed 5 -5",5
12747,151.228112531541,-33.9312507269732,10.1999998092651,-0.400000005960464,4.80000019073486,0.0,-98,-101,-100,-76,-94,-95,-102,-108,94.9,22,14383,-9391,"2016-11-16 15:11:21.004","speed 5 -5",5
12748,151.22811781311,-33.9312511621665,10.1999998092651,-0.400000005960464,4.80000019073486,0.100000001490116,-98,-101,-100,-76,-94,-95,-102,-108,94.9,22,14383,-9391,"2016-11-16 15:11:21.116","speed 5 -5",5
12749,151.228123149067,-33.9312515004248,10.1999998092651,-0.400000005960464,4.80000019073486,0.0,-98,-101,-100,-76,-94,-95,-102,-108,95.0,22,14383,-9391,"2016-11-16 15:11:21.205","speed 5 -5",5
12750,151.228128408427,-33.9312519175686,10.1999998092651,-0.400000005960464,4.80000019073486,0.100000001490116,-98,-101,-100,-76,-94,-95,-102,-108,94.9,22,14383,-9391,"2016-11-16 15:11:21.305","speed 5 -5",5
12751,151.228133729372,-33.9312521759334,10.1999998092651,-0.400000005960464,4.80000019073486,0.100000001490116,-98,-101,-100,-76,-94,-95,-102,-108,94.8,22,14383,-9391,"2016-11-16 15:11:21.414","speed 5 -5",5
12752,151.22813897316,-33.93125261226,10.1999998092651,-0.400000005960464,4.80000019073486,0.200000002980232,-98,-102,-100,-101,-99,-96,-93,-108,94.7,22,14383,-9391,"2016-11-16 15:11:21.505","speed 5 -5",5
12753,151.228144172125,-33.9312529283003,10.1999998092651,-0.400000005960464,4.80000019073486,0.100000001490116,-98,-102,-100,-101,-99,-96,-93,-108,94.7,22,14383,-9391,"2016-11-16 15:11:21.606","speed 5 -5",5
12754,151.228149546318,-33.9312532467545,10.1999998092651,-0.400000005960464,4.80000019073486,0.100000001490116,-98,-102,-100,-101,-99,-96,-93,-108,94.7,22,14383,-9391,"2016-11-16 15:11:21.716","speed 5 -5",5
12755,151.228154621104,-33.9312535147821,10.1999998092651,-0.400000005960464,4.80000019073486,0.100000001490116,-98,-102,-100,-101,-99,-96,-93,-108,94.8,22,14383,-9391,"2016-11-16 15:11:21.806","speed 5 -5",5
12756,151.228159871862,-33.9312538743501,10.1999998092651,-0.400000005960464,4.80000019073486,0.100000001490116,-98,-102,-100,-101,-99,-96,-93,-108,95.0,22,14357,-10532,"2016-11-16 15:11:21.906","speed 5 -5",5
12757,151.228165268098,-33.9312540486257,10.1999998092651,-0.300000011920929,4.80000019073486,0.100000001490116,-98,-102,-100,-101,-99,-96,-93,-108,95.0,22,14357,-10532,"2016-11-16 15:11:22.007","speed 5 -5",5
12758,151.228170530671,-33.9312544007926,10.1999998092651,-0.400000005960464,4.80000019073486,0.100000001490116,-98,-102,-100,-101,-99,-96,-93,-108,95.1,22,14357,-10532,"2016-11-16 15:11:22.111","speed 5 -5",5
12759,151.22817564171,-33.9312547872969,10.1999998092651,-0.400000005960464,4.80000019073486,0.100000001490116,-98,-102,-100,-101,-99,-96,-93,-108,95.1,22,14357,-10532,"2016-11-16 15:11:22.208","speed 5 -5",5
12760,151.228180975565,-33.9312551353155,10.1999998092651,-0.5,4.80000019073486,0.0,-98,-102,-100,-101,-99,-96,-93,-108,95.2,22,14357,-10532,"2016-11-16 15:11:22.309","speed 5 -5",5
12761,151.22818633012,-33.931255428499,10.1999998092651,-0.5,4.80000019073486,0.0,-98,-102,-100,-101,-99,-96,-93,-108,95.1,22,14357,-10532,"2016-11-16 15:11:22.408","speed 5 -5",5
12762,151.22818633012,-33.931255428499,10.1999998092651,-0.5,4.80000019073486,0.0,-95,-100,-98,-100,-98,-98,-102,-108,95.1,22,14357,-10532,"2016-11-16 15:11:22.509","speed 5 -5",5
12763,151.228196855261,-33.9312563286282,10.1999998092651,-0.5,4.90000009536743,0.0,-95,-100,-98,-100,-98,-98,-102,-108,94.7,22,14357,-10532,"2016-11-16 15:11:22.608","speed 5 -5",5
12764,151.228202226281,-33.9312568037344,10.1999998092651,-0.5,4.90000009536743,0.100000001490116,-95,-100,-98,-100,-98,-98,-102,-108,94.5,22,14357,-10532,"2016-11-16 15:11:22.709","speed 5 -5",5
12765,151.228207653724,-33.9312572346903,10.1999998092651,-0.5,4.90000009536743,0.100000001490116,-95,-100,-98,-100,-98,-98,-102,-108,94.6,22,14357,-10532,"2016-11-16 15:11:22.830","speed 5 -5",5
12766,151.228213030683,-33.9312575955609,10.1999998092651,-0.5,4.90000009536743,0.100000001490116,-95,-100,-98,-100,-98,-98,-102,-108,94.9,22,14357,-10532,"2016-11-16 15:11:22.911","speed 5 -5",5
12767,151.22821843679,-33.9312580993105,10.1999998092651,-0.5,5.0,0.100000001490116,-95,-100,-98,-100,-98,-98,-102,-108,95.0,22,14357,-10532,"2016-11-16 15:11:23.011","speed 5 -5",5
12768,151.228223878055,-33.9312586015962,10.1999998092651,-0.5,5.0,0.100000001490116,-95,-100,-98,-100,-98,-98,-102,-108,95.2,22,14357,-10532,"2016-11-16 15:11:23.120","speed 5 -5",5
12769,151.228229490709,-33.9312590641351,10.1999998092651,-0.5,5.0,0.100000001490116,-95,-100,-98,-100,-98,-98,-102,-108,95.5,22,14357,-10532,"2016-11-16 15:11:23.210","speed 5 -5",5
12770,151.228234963238,-33.931259604449,10.1999998092651,-0.600000023841858,5.0,0.100000001490116,-95,-100,-98,-100,-98,-98,-102,-108,95.6,22,14357,-10532,"2016-11-16 15:11:23.311","speed 5 -5",5
12771,151.228240462937,-33.9312602211026,10.1000003814697,-0.600000023841858,5.0,0.100000001490116,-95,-100,-98,-100,-98,-98,-102,-108,95.6,22,14357,-10532,"2016-11-16 15:11:23.411","speed 5 -5",5
12772,151.228246004023,-33.9312608172863,10.1000003814697,-0.699999988079071,5.0,0.100000001490116,-101,-97,-96,-101,-95,-98,-102,-108,95.5,22,14357,-10532,"2016-11-16 15:11:23.511","speed 5 -5",5
12773,151.228251518013,-33.9312614589161,10.1000003814697,-0.699999988079071,5.0,0.0,-101,-97,-96,-101,-95,-98,-102,-108,95.2,22,14357,-10532,"2016-11-16 15:11:23.623","speed 5 -5",5
12774,151.228256945781,-33.9312621224186,10,-0.699999988079071,4.90000009536743,0.100000001490116,-101,-97,-96,-101,-95,-98,-102,-108,95.1,22,14357,-10532,"2016-11-16 15:11:23.713","speed 5 -5",5
12775,151.228262439126,-33.9312627396888,10,-0.699999988079071,4.90000009536743,0.0,-101,-97,-96,-101,-95,-98,-102,-108,95.0,22,14357,-10532,"2016-11-16 15:11:23.811","speed 5 -5",5
12776,151.228262439126,-33.9312627396888,10,-0.699999988079071,4.90000009536743,0.0,-101,-97,-96,-101,-95,-98,-102,-108,95.0,22,14377,-10276,"2016-11-16 15:11:23.913","speed 5 -5",5
12777,151.228273361043,-33.9312639561975,10,-0.600000023841858,4.90000009536743,0.0,-101,-97,-96,-101,-95,-98,-102,-108,95.0,22,14377,-10276,"2016-11-16 15:11:24.012","speed 5 -5",5
12778,151.228278868561,-33.9312644806868,10,-0.600000023841858,4.90000009536743,0.0,-101,-97,-96,-101,-95,-98,-102,-108,95.0,22,14377,-10276,"2016-11-16 15:11:24.114","speed 5 -5",5
12779,151.228284384589,-33.931264977268,9.89999961853027,-0.600000023841858,5.0,0.0,-101,-97,-96,-101,-95,-98,-102,-108,95.0,22,14377,-10276,"2016-11-16 15:11:24.213","speed 5 -5",5
12780,151.228289819188,-33.9312655482937,9.89999961853027,-0.600000023841858,4.90000009536743,0.0,-101,-97,-96,-101,-95,-98,-102,-108,95.0,22,14377,-10276,"2016-11-16 15:11:24.313","speed 5 -5",5
12781,151.228295248482,-33.9312661007846,9.89999961853027,-0.600000023841858,4.90000009536743,0.0,-101,-97,-96,-101,-95,-98,-102,-108,94.8,22,14377,-10276,"2016-11-16 15:11:24.413","speed 5 -5",5
12782,151.228300808706,-33.9312666837441,9.89999961853027,-0.600000023841858,4.90000009536743,0.0,-94,-98,-96,-100,-100,-98,-103,-108,94.5,22,14377,-10276,"2016-11-16 15:11:24.513","speed 5 -5",5
12783,151.228306175962,-33.9312672343353,9.89999961853027,-0.600000023841858,4.90000009536743,0.0,-94,-98,-96,-100,-100,-98,-103,-108,94.2,22,14377,-10276,"2016-11-16 15:11:24.613","speed 5 -5",5
12784,151.228311524374,-33.931267844615,9.89999961853027,-0.600000023841858,4.90000009536743,0.0,-94,-98,-96,-100,-100,-98,-103,-108,93.9,22,14377,-10276,"2016-11-16 15:11:24.714","speed 5 -5",5
12785,151.228316910284,-33.9312682782154,9.89999961853027,-0.600000023841858,4.80000019073486,0.0,-94,-98,-96,-100,-100,-98,-103,-108,93.8,22,14377,-10276,"2016-11-16 15:11:24.814","speed 5 -5",5
12786,151.228322210547,-33.931268857765,9.89999961853027,-0.600000023841858,4.80000019073486,-0.100000001490116,-94,-98,-96,-100,-100,-98,-103,-108,93.7,22,14394,-9159,"2016-11-16 15:11:24.914","speed 5 -5",5
12787,151.228327486537,-33.9312693618047,9.89999961853027,-0.600000023841858,4.80000019073486,0.0,-94,-98,-96,-100,-100,-98,-103,-108,93.8,22,14394,-9159,"2016-11-16 15:11:25.015","speed 5 -5",5
12788,151.228332849736,-33.9312698073955,10,-0.5,4.80000019073486,0.0,-94,-98,-96,-100,-100,-98,-103,-108,93.9,22,14394,-9159,"2016-11-16 15:11:25.116","speed 5 -5",5
12789,151.228338196992,-33.9312701780019,10,-0.5,4.80000019073486,0.0,-94,-98,-96,-100,-100,-98,-103,-108,94.1,22,14394,-9159,"2016-11-16 15:11:25.216","speed 5 -5",5
12790,151.228343492319,-33.9312706835745,10,-0.5,4.80000019073486,0.0,-94,-98,-96,-100,-100,-98,-103,-108,94.2,22,14394,-9159,"2016-11-16 15:11:25.315","speed 5 -5",5
12791,151.228348843185,-33.9312710316249,10,-0.5,4.80000019073486,0.0,-94,-98,-96,-100,-100,-98,-103,-108,94.3,22,14394,-9159,"2016-11-16 15:11:25.417","speed 5 -5",5
12792,151.228354162694,-33.9312715474355,10,-0.5,4.80000019073486,0.0,-101,-98,-99,-98,-99,-96,-97,-108,94.1,22,14394,-9159,"2016-11-16 15:11:25.516","speed 5 -5",5
12793,151.228359454075,-33.9312719666571,10,-0.5,4.90000009536743,0.0,-101,-98,-99,-98,-99,-96,-97,-108,94.0,22,14394,-9159,"2016-11-16 15:11:25.617","speed 5 -5",5
12794,151.228364843842,-33.9312724395068,10,-0.600000023841858,4.80000019073486,0.0,-101,-98,-99,-98,-99,-96,-97,-108,93.7,22,14394,-9159,"2016-11-16 15:11:25.719","speed 5 -5",5
12795,151.228370205859,-33.9312729383543,10,-0.600000023841858,4.80000019073486,0.0,-101,-98,-99,-98,-99,-96,-97,-108,93.5,22,14394,-9159,"2016-11-16 15:11:25.818","speed 5 -5",5
12796,151.22837550506,-33.9312735197856,10,-0.600000023841858,4.80000019073486,0.0,-101,-98,-99,-98,-99,-96,-97,-108,93.5,22,14402,-8891,"2016-11-16 15:11:25.919","speed 5 -5",5
12797,151.228380762857,-33.93127390105,10,-0.600000023841858,4.80000019073486,0.0,-101,-98,-99,-98,-99,-96,-97,-108,93.6,22,14402,-8891,"2016-11-16 15:11:26.021","speed 5 -5",5
12798,151.228386035221,-33.9312744464455,10,-0.600000023841858,4.80000019073486,0.0,-101,-98,-99,-98,-99,-96,-97,-108,93.5,22,14402,-8891,"2016-11-16 15:11:26.121","speed 5 -5",5
12799,151.228391249993,-33.9312749348419,10,-0.5,4.80000019073486,0.0,-101,-98,-99,-98,-99,-96,-97,-108,93.7,22,14402,-8891,"2016-11-16 15:11:26.238","speed 5 -5",5
12800,151.228396537999,-33.9312753099945,10,-0.5,4.80000019073486,0.0,-101,-98,-99,-98,-99,-96,-97,-108,93.7,22,14402,-8891,"2016-11-16 15:11:26.321","speed 5 -5",5
12801,151.228401800269,-33.9312758286087,10,-0.5,4.80000019073486,0.0,-101,-98,-99,-98,-99,-96,-97,-108,93.9,22,14402,-8891,"2016-11-16 15:11:26.421","speed 5 -5",5
12802,151.228407075778,-33.9312762759971,10,-0.400000005960464,4.80000019073486,0.0,-100,-101,-93,-101,-100,-98,-103,-108,94.0,22,14402,-8891,"2016-11-16 15:11:26.521","speed 5 -5",5
12803,151.228412340888,-33.9312766272789,10,-0.400000005960464,4.80000019073486,0.0,-100,-101,-93,-101,-100,-98,-103,-108,94.2,22,14402,-8891,"2016-11-16 15:11:26.624","speed 5 -5",5
12804,151.228417630716,-33.9312770213656,10,-0.400000005960464,4.80000019073486,0.0,-100,-101,-93,-101,-100,-98,-103,-108,94.3,22,14402,-8891,"2016-11-16 15:11:26.744","speed 5 -5",5
12805,151.228422973284,-33.9312773416374,10.1000003814697,-0.400000005960464,4.80000019073486,0.0,-100,-101,-93,-101,-100,-98,-103,-108,94.4,22,14402,-8891,"2016-11-16 15:11:26.827","speed 5 -5",5
12806,151.228428294729,-33.9312776902271,10.1000003814697,-0.300000011920929,4.90000009536743,0.0,-100,-101,-93,-101,-100,-98,-103,-108,94.6,22,14427,-8568,"2016-11-16 15:11:26.926","speed 5 -5",5
12807,151.228433579602,-33.9312779559102,10.1000003814697,-0.300000011920929,4.90000009536743,0.0,-100,-101,-93,-101,-100,-98,-103,-108,94.8,22,14427,-8568,"2016-11-16 15:11:27.029","speed 5 -5",5
12808,151.228438933919,-33.9312782767641,10.1000003814697,-0.300000011920929,4.90000009536743,0.0,-100,-101,-93,-101,-100,-98,-103,-108,94.9,22,14427,-8568,"2016-11-16 15:11:27.127","speed 5 -5",5
12809,151.228444296664,-33.9312784883782,10.1000003814697,-0.300000011920929,4.90000009536743,0.0,-100,-101,-93,-101,-100,-98,-103,-108,95.1,22,14427,-8568,"2016-11-16 15:11:27.227","speed 5 -5",5
12810,151.228449675094,-33.9312787761857,10.1000003814697,-0.300000011920929,4.90000009536743,0.0,-100,-101,-93,-101,-100,-98,-103,-108,95.1,22,14427,-8568,"2016-11-16 15:11:27.328","speed 5 -5",5
12811,151.228455013029,-33.9312789657296,10.1000003814697,-0.200000002980232,4.90000009536743,0.100000001490116,-100,-101,-93,-101,-100,-98,-103,-108,95.2,22,14427,-8568,"2016-11-16 15:11:27.427","speed 5 -5",5
12812,151.228460405189,-33.9312792105081,10.1000003814697,-0.200000002980232,4.90000009536743,0.0,-95,-101,-95,-98,-98,-97,-95,-108,95.3,22,14427,-8568,"2016-11-16 15:11:27.544","speed 5 -5",5
12813,151.228465680109,-33.931279329504,10.1000003814697,-0.200000002980232,4.90000009536743,0.100000001490116,-95,-101,-95,-98,-98,-97,-95,-108,95.4,22,14427,-8568,"2016-11-16 15:11:27.635","speed 5 -5",5
12814,151.228471099488,-33.931279595426,10.1000003814697,-0.300000011920929,4.90000009536743,0.100000001490116,-95,-101,-95,-98,-98,-97,-95,-108,95.7,22,14427,-8568,"2016-11-16 15:11:27.746","speed 5 -5",5
12815,151.228476740164,-33.9312797274767,10.1000003814697,-0.200000002980232,5.0,0.0,-95,-101,-95,-98,-98,-97,-95,-108,95.9,22,14427,-8568,"2016-11-16 15:11:27.828","speed 5 -5",5
12816,151.228482187699,-33.9312799449864,10.1000003814697,-0.300000011920929,5.0,0.100000001490116,-95,-101,-95,-98,-98,-97,-95,-108,96.1,22,14433,-8577,"2016-11-16 15:11:27.929","speed 5 -5",5
12817,151.228487528698,-33.9312801996835,10.1000003814697,-0.300000011920929,5.0,0.100000001490116,-95,-101,-95,-98,-98,-97,-95,-108,96.0,22,14433,-8577,"2016-11-16 15:11:28.029","speed 5 -5",5
12818,151.228492990102,-33.9312805147375,10.1000003814697,-0.300000011920929,5.0,0.100000001490116,-95,-101,-95,-98,-98,-97,-95,-108,96.0,22,14433,-8577,"2016-11-16 15:11:28.129","speed 5 -5",5
12819,151.228498609373,-33.9312807696156,10,-0.300000011920929,5.0,0.100000001490116,-95,-101,-95,-98,-98,-97,-95,-108,96.0,22,14433,-8577,"2016-11-16 15:11:28.229","speed 5 -5",5
12820,151.228504081869,-33.9312811049615,10,-0.300000011920929,5.0,0.100000001490116,-95,-101,-95,-98,-98,-97,-95,-108,96.0,22,14433,-8577,"2016-11-16 15:11:28.332","speed 5 -5",5
12821,151.228509487419,-33.9312814119648,10,-0.300000011920929,5.0,0.100000001490116,-95,-101,-95,-98,-98,-97,-95,-108,95.9,22,14433,-8577,"2016-11-16 15:11:28.428","speed 5 -5",5
12822,151.228514990589,-33.9312816729059,10,-0.300000011920929,5.0,0.0,-101,-102,-97,-98,-98,-97,-103,-108,95.9,22,14433,-8577,"2016-11-16 15:11:28.529","speed 5 -5",5
12823,151.228520520225,-33.9312820047247,10,-0.300000011920929,5.0,0.0,-101,-102,-97,-98,-98,-97,-103,-108,96.0,22,14433,-8577,"2016-11-16 15:11:28.629","speed 5 -5",5
12824,151.228526006072,-33.9312823322804,10,-0.300000011920929,5.0,0.0,-101,-102,-97,-98,-98,-97,-103,-108,95.9,22,14433,-8577,"2016-11-16 15:11:28.733","speed 5 -5",5
12825,151.228526006072,-33.9312823322804,10,-0.300000011920929,5.0,0.0,-101,-102,-97,-98,-98,-97,-103,-108,95.9,22,14433,-8577,"2016-11-16 15:11:28.832","speed 5 -5",5
12826,151.228536929291,-33.931283049267,10,-0.400000005960464,5.0,0.0,-101,-102,-97,-98,-98,-97,-103,-108,95.7,22,14404,-8957,"2016-11-16 15:11:28.933","speed 5 -5",5
12827,151.228542418885,-33.9312833895715,10,-0.400000005960464,5.0,0.100000001490116,-101,-102,-97,-98,-98,-97,-103,-108,95.6,22,14404,-8957,"2016-11-16 15:11:29.030","speed 5 -5",5
12828,151.228547910059,-33.9312837531729,10,-0.400000005960464,5.0,0.0,-101,-102,-97,-98,-98,-97,-103,-108,95.5,22,14404,-8957,"2016-11-16 15:11:29.133","speed 5 -5",5
12829,151.228553289234,-33.9312840672846,10,-0.400000005960464,5.0,0.0,-101,-102,-97,-98,-98,-97,-103,-108,95.3,22,14404,-8957,"2016-11-16 15:11:29.231","speed 5 -5",5
12830,151.228558740478,-33.9312844430459,10,-0.400000005960464,5.0,0.0,-101,-102,-97,-98,-98,-97,-103,-108,95.4,22,14404,-8957,"2016-11-16 15:11:29.334","speed 5 -5",5
12831,151.228564150402,-33.9312847742416,10,-0.400000005960464,5.0,0.0,-101,-102,-97,-98,-98,-97,-103,-108,95.4,22,14404,-8957,"2016-11-16 15:11:29.429","speed 5 -5",5
12832,151.228569568546,-33.9312851532071,9.89999961853027,-0.400000005960464,4.90000009536743,0.0,-93,-101,-99,-98,-100,-93,-102,-108,95.4,22,14404,-8957,"2016-11-16 15:11:29.531","speed 5 -5",5
12833,151.228574933561,-33.931285489537,9.89999961853027,-0.300000011920929,4.90000009536743,0.0,-93,-101,-99,-98,-100,-93,-102,-108,95.3,22,14404,-8957,"2016-11-16 15:11:29.630","speed 5 -5",5
12834,151.228580333561,-33.9312858208664,10,-0.300000011920929,4.90000009536743,0.0,-93,-101,-99,-98,-100,-93,-102,-108,95.4,22,14404,-8957,"2016-11-16 15:11:29.731","speed 5 -5",5
12835,151.228585699398,-33.931286129697,10,-0.300000011920929,4.90000009536743,0.0,-93,-101,-99,-98,-100,-93,-102,-108,95.3,22,14404,-8957,"2016-11-16 15:11:29.831","speed 5 -5",5
12836,151.22859104347,-33.9312864799062,10,-0.300000011920929,4.90000009536743,0.0,-93,-101,-99,-98,-100,-93,-102,-108,95.2,22,14404,-8957,"2016-11-16 15:11:29.937","speed 5 -5",5
12837,151.228596371132,-33.9312867903542,10,-0.400000005960464,4.80000019073486,0.0,-93,-101,-99,-98,-100,-93,-102,-108,94.7,22,14404,-8957,"2016-11-16 15:11:30.032","speed 5 -5",5
12838,151.228601673034,-33.9312871565151,10,-0.400000005960464,4.80000019073486,0.0,-93,-101,-99,-98,-100,-93,-102,-108,94.4,22,14404,-8957,"2016-11-16 15:11:30.138","speed 5 -5",5
12839,151.228606884154,-33.9312875530033,10.1000003814697,-0.400000005960464,4.80000019073486,0.100000001490116,-93,-101,-99,-98,-100,-93,-102,-108,94.1,22,14404,-8957,"2016-11-16 15:11:30.234","speed 5 -5",5
12840,151.228612195942,-33.9312879495245,10.1000003814697,-0.400000005960464,4.80000019073486,0.100000001490116,-93,-101,-99,-98,-100,-93,-102,-108,94.0,22,14404,-8957,"2016-11-16 15:11:30.340","speed 5 -5",5
12841,151.22861744537,-33.9312883516935,10,-0.400000005960464,4.90000009536743,0.200000002980232,-93,-101,-99,-98,-100,-93,-102,-108,93.9,22,14404,-8957,"2016-11-16 15:11:30.431","speed 5 -5",5
12842,151.228622790955,-33.931288802196,10,-0.5,4.90000009536743,0.200000002980232,-100,-95,-102,-100,-97,-99,-103,-108,93.4,22,14404,-8957,"2016-11-16 15:11:30.539","speed 5 -5",5
12843,151.228628061403,-33.9312892520641,9.89999961853027,-0.400000005960464,4.90000009536743,0.100000001490116,-100,-95,-102,-100,-97,-99,-103,-108,93.2,22,14404,-8957,"2016-11-16 15:11:30.632","speed 5 -5",5
12844,151.228633448283,-33.9312896100902,10,-0.400000005960464,4.90000009536743,0.0,-100,-95,-102,-100,-97,-99,-103,-108,93.3,22,14404,-8957,"2016-11-16 15:11:30.733","speed 5 -5",5
12845,151.22863867566,-33.9312900522448,10,-0.400000005960464,4.90000009536743,0.0,-100,-95,-102,-100,-97,-99,-103,-108,93.6,22,14404,-8957,"2016-11-16 15:11:30.832","speed 5 -5",5
12846,151.228644022032,-33.9312904657075,10,-0.400000005960464,4.90000009536743,0.0,-100,-95,-102,-100,-97,-99,-103,-108,94.0,21,14389,-9474,"2016-11-16 15:11:30.934","speed 5 -5",5
12847,151.228649369351,-33.9312909890405,10,-0.5,4.90000009536743,0.0,-100,-95,-102,-100,-97,-99,-103,-108,94.3,21,14389,-9474,"2016-11-16 15:11:31.034","speed 5 -5",5
12848,151.228654747666,-33.9312914721916,10,-0.5,4.90000009536743,0.0,-100,-95,-102,-100,-97,-99,-103,-108,94.4,21,14389,-9474,"2016-11-16 15:11:31.135","speed 5 -5",5
12849,151.228660024445,-33.93129192529,10,-0.5,4.90000009536743,0.0,-100,-95,-102,-100,-97,-99,-103,-108,94.4,21,14389,-9474,"2016-11-16 15:11:31.235","speed 5 -5",5
12850,151.228665430067,-33.9312924632153,10,-0.5,4.90000009536743,0.0,-100,-95,-102,-100,-97,-99,-103,-108,94.6,21,14389,-9474,"2016-11-16 15:11:31.335","speed 5 -5",5
12851,151.228665430067,-33.9312924632153,10,-0.5,4.90000009536743,0.0,-100,-95,-102,-100,-97,-99,-103,-108,94.6,21,14389,-9474,"2016-11-16 15:11:31.435","speed 5 -5",5
12852,151.228665430067,-33.9312924632153,10,-0.5,4.90000009536743,0.0,-99,-94,-99,-100,-90,-98,-103,-108,94.6,21,14389,-9474,"2016-11-16 15:11:31.536","speed 5 -5",5
12853,151.228681687191,-33.9312940313969,10,-0.5,5.0,-0.100000001490116,-99,-94,-99,-100,-90,-98,-103,-108,94.8,21,14389,-9474,"2016-11-16 15:11:31.636","speed 5 -5",5
12854,151.228687179935,-33.9312944891263,10,-0.400000005960464,5.0,-0.100000001490116,-99,-94,-99,-100,-90,-98,-103,-108,94.7,21,14389,-9474,"2016-11-16 15:11:31.736","speed 5 -5",5
12855,151.228692672702,-33.931294975302,10,-0.400000005960464,5.0,-0.100000001490116,-99,-94,-99,-100,-90,-98,-103,-108,95.0,21,14389,-9474,"2016-11-16 15:11:31.835","speed 5 -5",5
12856,151.228698094595,-33.9312954275706,10,-0.400000005960464,5.0,0.0,-99,-94,-99,-100,-90,-98,-103,-108,95.3,21,14300,-11820,"2016-11-16 15:11:31.948","speed 5 -5",5
12857,151.228703579976,-33.9312959299852,9.89999961853027,-0.400000005960464,5.0,0.0,-99,-94,-99,-100,-90,-98,-103,-108,95.4,21,14300,-11820,"2016-11-16 15:11:32.037","speed 5 -5",5
12858,151.228709047461,-33.9312963434022,9.89999961853027,-0.400000005960464,5.0,0.0,-99,-94,-99,-100,-90,-98,-103,-108,95.4,21,14300,-11820,"2016-11-16 15:11:32.136","speed 5 -5",5
12859,151.228714373628,-33.9312967837817,9.89999961853027,-0.400000005960464,4.90000009536743,0.0,-99,-94,-99,-100,-90,-98,-103,-108,95.5,21,14300,-11820,"2016-11-16 15:11:32.236","speed 5 -5",5
12860,151.228714373628,-33.9312967837817,9.89999961853027,-0.400000005960464,4.90000009536743,0.0,-99,-94,-99,-100,-90,-98,-103,-108,95.5,21,14300,-11820,"2016-11-16 15:11:32.337","speed 5 -5",5
12861,151.228724652196,-33.9312976159585,9.89999961853027,-0.400000005960464,4.5,0.0,-99,-94,-99,-100,-90,-98,-103,-108,95.6,21,14300,-11820,"2016-11-16 15:11:32.437","speed 5 -5",5
12862,151.228729445254,-33.9312980461346,9.89999961853027,-0.400000005960464,4.19999980926514,-0.100000001490116,-99,-94,-99,-100,-90,-98,-103,-108,95.2,21,14300,-11820,"2016-11-16 15:11:32.537","speed 5 -5",5
12863,151.228733855503,-33.9312983803264,9.89999961853027,-0.400000005960464,3.90000009536743,-0.100000001490116,-99,-94,-99,-100,-90,-98,-103,-108,94.8,21,14300,-11820,"2016-11-16 15:11:32.637","speed 5 -5",5
12864,151.22873792935,-33.9312987433555,9.89999961853027,-0.300000011920929,3.5,0.0,-99,-94,-99,-100,-90,-98,-103,-108,94.3,21,14300,-11820,"2016-11-16 15:11:32.751","speed 5 -5",5
12865,151.22874154375,-33.9312990605158,9.89999961853027,-0.300000011920929,3.20000004768372,-0.100000001490116,-99,-94,-99,-100,-90,-98,-103,-108,94.1,21,14300,-11820,"2016-11-16 15:11:32.837","speed 5 -5",5
12866,151.228744833666,-33.9312993678355,9.89999961853027,-0.300000011920929,2.79999995231628,0.0,-99,-94,-99,-100,-90,-98,-103,-108,94.2,21,14402,-9940,"2016-11-16 15:11:32.938","speed 5 -5",5
12867,151.228744833666,-33.9312993678355,9.89999961853027,-0.300000011920929,2.79999995231628,0.0,-99,-94,-99,-100,-90,-98,-103,-108,94.2,21,14402,-9940,"2016-11-16 15:11:33.039","speed 5 -5",5
12868,151.228750353502,-33.931299830836,9.80000019073486,-0.200000002980232,2.09999990463257,0.0,-99,-94,-99,-100,-90,-98,-103,-108,95.0,21,14402,-9940,"2016-11-16 15:11:33.138","speed 5 -5",5
12869,151.228752148624,-33.9313000054403,9.89999961853027,-0.100000001490116,1.70000004768372,-0.100000001490116,-99,-94,-99,-100,-90,-98,-103,-108,95.5,21,14402,-9940,"2016-11-16 15:11:33.239","speed 5 -5",5
12870,151.228753848162,-33.931300158532,9.89999961853027,-0.100000001490116,1.39999997615814,-0.100000001490116,-99,-94,-99,-100,-90,-98,-103,-108,95.5,21,14402,-9940,"2016-11-16 15:11:33.338","speed 5 -5",5
12871,151.228754960994,-33.931300169544,9.89999961853027,-0.100000001490116,1.10000002384186,0.0,-99,-94,-99,-100,-90,-98,-103,-108,95.4,21,14402,-9940,"2016-11-16 15:11:33.438","speed 5 -5",5
12872,151.228755956259,-33.9313002538367,10,0.0,0.699999988079071,0.0,-100,-98,-100,-98,-99,-93,-103,-108,95.4,21,14402,-9940,"2016-11-16 15:11:33.539","speed 5 -5",5
12873,151.228755892804,-33.9313001187233,10,0.0,0.5,0.0,-100,-98,-100,-98,-99,-93,-103,-108,95.8,21,14402,-9940,"2016-11-16 15:11:33.639","speed 5 -5",5
12874,151.228756369934,-33.9313001746596,10,0.0,0.400000005960464,0.0,-100,-98,-100,-98,-99,-93,-103,-108,95.8,21,14402,-9940,"2016-11-16 15:11:33.743","speed 5 -5",5
12875,151.228756108942,-33.9313000187117,10.1000003814697,0.0,0.300000011920929,0.0,-100,-98,-100,-98,-99,-93,-103,-108,95.4,21,14402,-9940,"2016-11-16 15:11:33.838","speed 5 -5",5
12876,151.228756468039,-33.9313000690693,10.1000003814697,0.0,0.300000011920929,0.100000001490116,-100,-98,-100,-98,-99,-93,-103,-108,95.1,21,14436,-8661,"2016-11-16 15:11:33.939","speed 5 -5",5
12877,151.228755947006,-33.9313000849044,10.1000003814697,0.0,0.400000005960464,0.100000001490116,-100,-98,-100,-98,-99,-93,-103,-108,94.8,21,14436,-8661,"2016-11-16 15:11:34.039","speed 5 -5",5
12878,151.228756370332,-33.9312999972551,10.1000003814697,-0.100000001490116,0.400000005960464,0.100000001490116,-100,-98,-100,-98,-99,-93,-103,-108,94.7,21,14436,-8661,"2016-11-16 15:11:34.139","speed 5 -5",5
12879,151.228756197274,-33.9312999376814,10.1000003814697,0.0,0.400000005960464,0.100000001490116,-100,-98,-100,-98,-99,-93,-103,-108,94.2,21,14436,-8661,"2016-11-16 15:11:34.241","speed 5 -5",5
12880,151.228756697732,-33.9312999908779,10.1000003814697,0.0,0.400000005960464,0.100000001490116,-100,-98,-100,-98,-99,-93,-103,-108,93.9,21,14436,-8661,"2016-11-16 15:11:34.340","speed 5 -5",5
12881,151.228756180162,-33.9312999139771,10.1000003814697,0.0,0.300000011920929,0.100000001490116,-100,-98,-100,-98,-99,-93,-103,-108,93.7,21,14436,-8661,"2016-11-16 15:11:34.441","speed 5 -5",5
12882,151.228756592718,-33.9312999949691,10.1000003814697,0.0,0.300000011920929,0.0,-98,-102,-101,-98,-99,-100,-94,-108,93.6,21,14436,-8661,"2016-11-16 15:11:34.541","speed 5 -5",5
12883,151.228756734908,-33.9313001256243,10.1000003814697,-0.100000001490116,0.300000011920929,0.0,-98,-102,-101,-98,-99,-100,-94,-108,93.4,21,14436,-8661,"2016-11-16 15:11:34.644","speed 5 -5",5
12884,151.228756402064,-33.9313001699171,10.1000003814697,-0.100000001490116,0.300000011920929,0.100000001490116,-98,-102,-101,-98,-99,-100,-94,-108,93.3,21,14436,-8661,"2016-11-16 15:11:34.742","speed 5 -5",5
12885,151.228756808117,-33.9313003516839,10.1000003814697,-0.100000001490116,0.300000011920929,0.0,-98,-102,-101,-98,-99,-100,-94,-108,93.3,21,14436,-8661,"2016-11-16 15:11:34.844","speed 5 -5",5
12886,151.228757166734,-33.9313004419915,10.1000003814697,0.0,0.300000011920929,0.100000001490116,-98,-102,-101,-98,-99,-100,-94,-108,93.3,21,14334,-9434,"2016-11-16 15:11:34.943","speed 5 -5",5
12887,151.228757443468,-33.9313004498924,10.1000003814697,0.0,0.300000011920929,0.0,-98,-102,-101,-98,-99,-100,-94,-108,93.3,21,14334,-9434,"2016-11-16 15:11:35.047","speed 5 -5",5
