id,Longitude,Latitude,Altitude,VelocityX,VelocityY,VelocityZ,Wifi1,Wifi2,Wifi3,Wifi4,Wifi5,Wifi6,Wifi7,Wifi8,DroneHeading,Battery,Voltage,Current,Date,Method
57844,151.226861160562,-33.930940689524,8.30000019073486,-0.100000001490116,0.0,0.0,-100,-102,-100,-100,-101,-100,-102,-108,-90.4,80,15443,-10388,"2016-11-17 16:54:42.199","yaw 100-2"
57845,151.226861174184,-33.930940902015,8.30000019073486,-0.100000001490116,0.0,-0.100000001490116,-100,-98,-92,-100,-101,-101,-101,-108,-90.4,80,15443,-10388,"2016-11-17 16:54:42.298","yaw 100-2"
57846,151.226861150359,-33.9309410322999,8.30000019073486,-0.100000001490116,0.0,-0.100000001490116,-100,-98,-92,-100,-101,-101,-101,-108,-90.2,80,15443,-10388,"2016-11-17 16:54:42.398","yaw 100-2"
57847,151.226860945655,-33.9309414267254,8.30000019073486,-0.100000001490116,-0.100000001490116,-0.100000001490116,-100,-98,-92,-100,-101,-101,-101,-108,-90.0,80,15443,-10388,"2016-11-17 16:54:42.498","yaw 100-2"
57848,151.226860945655,-33.9309414267254,8.30000019073486,-0.100000001490116,-0.100000001490116,-0.100000001490116,-100,-98,-92,-100,-101,-101,-101,-108,-90.0,80,15443,-10388,"2016-11-17 16:54:42.600","yaw 100-2"
57849,151.226860760362,-33.9309417146624,8.30000019073486,-0.100000001490116,-0.100000001490116,0.0,-100,-98,-92,-100,-101,-101,-101,-108,-89.8,80,15443,-10388,"2016-11-17 16:54:42.699","yaw 100-2"
57850,151.226860605415,-33.9309418787934,8.39999961853027,-0.100000001490116,-0.100000001490116,0.0,-100,-98,-92,-100,-101,-101,-101,-108,-89.6,80,15443,-10388,"2016-11-17 16:54:42.802","yaw 100-2"
57851,151.226860496886,-33.9309420682359,8.39999961853027,-0.100000001490116,-0.100000001490116,0.0,-100,-98,-92,-100,-101,-101,-101,-108,-89.6,80,15443,-10388,"2016-11-17 16:54:42.899","yaw 100-2"
57852,151.226860332143,-33.9309422123904,8.39999961853027,0.0,-0.100000001490116,0.0,-100,-98,-92,-100,-101,-101,-101,-108,-89.6,80,15443,-10388,"2016-11-17 16:54:43.000","yaw 100-2"
57853,151.226859927742,-33.9309423353843,8.39999961853027,0.0,-0.100000001490116,0.0,-100,-98,-92,-100,-101,-101,-101,-108,-89.5,80,15420,-10327,"2016-11-17 16:54:43.100","yaw 100-2"
57854,151.226859837862,-33.9309424265012,8.39999961853027,0.0,0.0,0.100000001490116,-100,-98,-92,-100,-101,-101,-101,-108,-89.6,80,15420,-10327,"2016-11-17 16:54:43.201","yaw 100-2"
57855,151.226859837862,-33.9309424265012,8.39999961853027,0.0,0.0,0.100000001490116,-101,-102,-100,-100,-98,-101,-102,-108,-89.6,80,15420,-10327,"2016-11-17 16:54:43.301","yaw 100-2"
57856,151.226859771787,-33.930942392525,8.39999961853027,0.0,0.0,0.0,-101,-102,-100,-100,-98,-101,-102,-108,-89.8,80,15420,-10327,"2016-11-17 16:54:43.402","yaw 100-2"
57857,151.22685974071,-33.930942333178,8.39999961853027,0.0,0.0,0.0,-101,-102,-100,-100,-98,-101,-102,-108,-90.0,80,15420,-10327,"2016-11-17 16:54:43.501","yaw 100-2"
57858,151.226859611961,-33.9309424286721,8.39999961853027,0.0,0.0,0.100000001490116,-101,-102,-100,-100,-98,-101,-102,-108,-89.9,80,15420,-10327,"2016-11-17 16:54:43.602","yaw 100-2"
57859,151.226859485527,-33.930942387653,8.39999961853027,0.0,0.0,0.100000001490116,-101,-102,-100,-100,-98,-101,-102,-108,-89.9,80,15420,-10327,"2016-11-17 16:54:43.702","yaw 100-2"
57860,151.226859519887,-33.9309423251804,8.39999961853027,0.0,0.0,0.0,-101,-102,-100,-100,-98,-101,-102,-108,-89.9,80,15420,-10327,"2016-11-17 16:54:43.804","yaw 100-2"
57861,151.226859320591,-33.9309421969863,8.39999961853027,0.100000001490116,0.0,0.0,-101,-102,-100,-100,-98,-101,-102,-108,-89.8,80,15420,-10327,"2016-11-17 16:54:43.904","yaw 100-2"
57862,151.226859320591,-33.9309421969863,8.39999961853027,0.100000001490116,0.0,0.0,-101,-102,-100,-100,-98,-101,-102,-108,-89.8,80,15420,-10327,"2016-11-17 16:54:44.005","yaw 100-2"
57863,151.226859246137,-33.9309419122439,8.39999961853027,0.100000001490116,0.0,0.0,-101,-102,-100,-100,-98,-101,-102,-108,-89.6,80,15505,-8878,"2016-11-17 16:54:44.106","yaw 100-2"
57864,151.226859255556,-33.9309417800094,8.39999961853027,0.100000001490116,0.0,0.100000001490116,-101,-102,-100,-100,-98,-101,-102,-108,-89.6,80,15505,-8878,"2016-11-17 16:54:44.204","yaw 100-2"
57865,151.22685936014,-33.9309416967288,8.39999961853027,0.0,0.0,0.0,-98,-101,-102,-100,-101,-101,-101,-108,-89.6,80,15505,-8878,"2016-11-17 16:54:44.306","yaw 100-2"
57866,151.22685941619,-33.9309416430887,8.39999961853027,0.0,0.0,0.0,-98,-101,-102,-100,-101,-101,-101,-108,-89.6,80,15505,-8878,"2016-11-17 16:54:44.405","yaw 100-2"
57867,151.226859570699,-33.9309415758269,8.30000019073486,0.0,0.0,0.100000001490116,-98,-101,-102,-100,-101,-101,-101,-108,-89.7,80,15505,-8878,"2016-11-17 16:54:44.505","yaw 100-2"
57868,151.226859672363,-33.9309415650953,8.30000019073486,0.0,0.0,0.0,-98,-101,-102,-100,-101,-101,-101,-108,-89.7,80,15505,-8878,"2016-11-17 16:54:44.605","yaw 100-2"
57869,151.226859672363,-33.9309415650953,8.30000019073486,0.0,0.0,0.0,-98,-101,-102,-100,-101,-101,-101,-108,-89.7,80,15505,-8878,"2016-11-17 16:54:44.706","yaw 100-2"
57870,151.226859675851,-33.930941621647,8.30000019073486,0.0,0.0,0.0,-98,-101,-102,-100,-101,-101,-101,-108,-89.7,80,15505,-8878,"2016-11-17 16:54:44.805","yaw 100-2"
57871,151.226859862318,-33.9309416419886,8.19999980926514,0.0,0.0,0.0,-98,-101,-102,-100,-101,-101,-101,-108,-89.7,80,15505,-8878,"2016-11-17 16:54:44.906","yaw 100-2"
57872,151.22685987624,-33.9309416987184,8.19999980926514,0.0,0.0,0.0,-98,-101,-102,-100,-101,-101,-101,-108,-89.6,80,15505,-8878,"2016-11-17 16:54:45.006","yaw 100-2"
57873,151.226860122236,-33.9309417655376,8.19999980926514,0.0,0.100000001490116,0.0,-98,-101,-102,-100,-101,-101,-101,-108,-89.6,80,15381,-10878,"2016-11-17 16:54:45.106","yaw 100-2"
57874,151.226860196412,-33.9309417963269,8.19999980926514,-0.100000001490116,0.100000001490116,0.0,-98,-101,-102,-100,-101,-101,-101,-108,-89.6,80,15381,-10878,"2016-11-17 16:54:45.206","yaw 100-2"
57875,151.226860462227,-33.9309420759167,8.19999980926514,-0.100000001490116,0.100000001490116,0.0,-98,-101,-97,-101,-101,-101,-100,-108,-89.6,80,15381,-10878,"2016-11-17 16:54:45.306","yaw 100-2"
57876,151.226860612727,-33.9309421977369,8.19999980926514,-0.100000001490116,0.100000001490116,0.0,-98,-101,-97,-101,-101,-101,-100,-108,-89.5,80,15381,-10878,"2016-11-17 16:54:45.406","yaw 100-2"
57877,151.226860842566,-33.9309424825628,8.19999980926514,-0.100000001490116,0.100000001490116,0.0,-98,-101,-97,-101,-101,-101,-100,-108,-89.3,80,15381,-10878,"2016-11-17 16:54:45.506","yaw 100-2"
57878,151.226861000399,-33.9309425729081,8.19999980926514,0.0,0.100000001490116,0.0,-98,-101,-97,-101,-101,-101,-100,-108,-85.9,80,15381,-10878,"2016-11-17 16:54:45.607","yaw 100-2"
57879,151.226861087956,-33.9309426543096,8.19999980926514,0.0,0.100000001490116,-0.200000002980232,-98,-101,-97,-101,-101,-101,-100,-108,-77.4,80,15381,-10878,"2016-11-17 16:54:45.713","yaw 100-2"
57880,151.226861189253,-33.9309427949259,8.30000019073486,0.0,0.100000001490116,-0.400000005960464,-98,-101,-97,-101,-101,-101,-100,-108,-68.2,80,15381,-10878,"2016-11-17 16:54:45.807","yaw 100-2"
57881,151.226861540795,-33.9309430039343,8.30000019073486,-0.100000001490116,0.100000001490116,-0.300000011920929,-98,-101,-97,-101,-101,-101,-100,-108,-48.5,80,15381,-10878,"2016-11-17 16:54:45.908","yaw 100-2"
57882,151.226861540795,-33.9309430039343,8.30000019073486,-0.100000001490116,0.100000001490116,-0.300000011920929,-98,-101,-97,-101,-101,-101,-100,-108,-48.5,80,15381,-10878,"2016-11-17 16:54:46.008","yaw 100-2"
57883,151.226861684706,-33.9309434237838,8.39999961853027,-0.200000002980232,0.100000001490116,-0.400000005960464,-98,-101,-97,-101,-101,-101,-100,-108,-38.6,80,15385,-11082,"2016-11-17 16:54:46.110","yaw 100-2"
57884,151.226861885363,-33.9309436774502,8.39999961853027,-0.300000011920929,0.100000001490116,-0.400000005960464,-98,-101,-97,-101,-101,-101,-100,-108,-28.6,80,15385,-11082,"2016-11-17 16:54:46.211","yaw 100-2"
57885,151.226861986063,-33.930943992767,8.39999961853027,-0.300000011920929,0.100000001490116,-0.400000005960464,-100,-92,-100,-100,-100,-100,-102,-108,-18.6,80,15385,-11082,"2016-11-17 16:54:46.312","yaw 100-2"
57886,151.226862219008,-33.9309444778074,8.5,-0.400000005960464,0.100000001490116,-0.300000011920929,-100,-92,-100,-100,-100,-100,-102,-108,-8.5,80,15385,-11082,"2016-11-17 16:54:46.412","yaw 100-2"
57887,151.226862298811,-33.9309449879852,8.5,-0.5,0.100000001490116,-0.300000011920929,-100,-92,-100,-100,-100,-100,-102,-108,1.7,80,15385,-11082,"2016-11-17 16:54:46.512","yaw 100-2"
57888,151.22686246165,-33.9309455212049,8.5,-0.600000023841858,0.100000001490116,-0.200000002980232,-100,-92,-100,-100,-100,-100,-102,-108,12.4,80,15385,-11082,"2016-11-17 16:54:46.612","yaw 100-2"
57889,151.226862159602,-33.9309461317375,8.5,-0.600000023841858,0.0,-0.300000011920929,-100,-92,-100,-100,-100,-100,-102,-108,23.2,80,15385,-11082,"2016-11-17 16:54:46.712","yaw 100-2"
57890,151.226862230657,-33.9309467338683,8.5,-0.600000023841858,0.0,-0.400000005960464,-100,-92,-100,-100,-100,-100,-102,-108,33.8,80,15385,-11082,"2016-11-17 16:54:46.812","yaw 100-2"
57891,151.226862063695,-33.9309473599679,8.5,-0.600000023841858,0.0,-0.400000005960464,-100,-92,-100,-100,-100,-100,-102,-108,44.4,80,15385,-11082,"2016-11-17 16:54:46.912","yaw 100-2"
57892,151.226862055505,-33.9309479730548,8.5,-0.600000023841858,0.0,-0.400000005960464,-100,-92,-100,-100,-100,-100,-102,-108,54.7,80,15385,-11082,"2016-11-17 16:54:47.012","yaw 100-2"
57893,151.226861466801,-33.930948375916,8.5,-0.600000023841858,0.0,-0.400000005960464,-100,-92,-100,-100,-100,-100,-102,-108,65.0,80,15299,-11690,"2016-11-17 16:54:47.112","yaw 100-2"
57894,151.226861353786,-33.9309489844736,8.5,-0.600000023841858,-0.100000001490116,-0.400000005960464,-100,-92,-100,-100,-100,-100,-102,-108,75.1,80,15299,-11690,"2016-11-17 16:54:47.213","yaw 100-2"
57895,151.226860348678,-33.930949831584,8.60000038146973,-0.5,-0.200000002980232,-0.400000005960464,-101,-101,-98,-101,-100,-98,-103,-108,93.8,80,15299,-11690,"2016-11-17 16:54:47.313","yaw 100-2"
57896,151.226860348678,-33.930949831584,8.60000038146973,-0.5,-0.200000002980232,-0.400000005960464,-101,-101,-98,-101,-100,-98,-103,-108,93.8,80,15299,-11690,"2016-11-17 16:54:47.413","yaw 100-2"
57897,151.226859859302,-33.9309499918404,8.60000038146973,-0.400000005960464,-0.300000011920929,-0.300000011920929,-101,-101,-98,-101,-100,-98,-103,-108,103.1,80,15299,-11690,"2016-11-17 16:54:47.514","yaw 100-2"
57898,151.226859495751,-33.9309503775174,8.69999980926514,-0.300000011920929,-0.300000011920929,-0.300000011920929,-101,-101,-98,-101,-100,-98,-103,-108,112.7,80,15299,-11690,"2016-11-17 16:54:47.614","yaw 100-2"
57899,151.226858614882,-33.9309500081298,8.69999980926514,-0.200000002980232,-0.300000011920929,-0.300000011920929,-101,-101,-98,-101,-100,-98,-103,-108,122.2,80,15299,-11690,"2016-11-17 16:54:47.715","yaw 100-2"
57900,151.226858199689,-33.9309501811346,8.69999980926514,-0.100000001490116,-0.300000011920929,-0.300000011920929,-101,-101,-98,-101,-100,-98,-103,-108,132.5,80,15299,-11690,"2016-11-17 16:54:47.816","yaw 100-2"
57901,151.22685761007,-33.9309498736269,8.69999980926514,0.0,-0.300000011920929,-0.300000011920929,-101,-101,-98,-101,-100,-98,-103,-108,143.2,80,15299,-11690,"2016-11-17 16:54:47.916","yaw 100-2"
57902,151.22685708462,-33.9309495383542,8.80000019073486,0.0,-0.300000011920929,-0.300000011920929,-101,-101,-98,-101,-100,-98,-103,-108,153.8,80,15299,-11690,"2016-11-17 16:54:48.015","yaw 100-2"
57903,151.226856609276,-33.9309490882083,8.80000019073486,0.0,-0.300000011920929,-0.300000011920929,-101,-101,-98,-101,-100,-98,-103,-108,164.4,80,15327,-11497,"2016-11-17 16:54:48.116","yaw 100-2"
57904,151.226855821334,-33.9309482551451,8.80000019073486,0.0,-0.200000002980232,-0.300000011920929,-101,-102,-101,-101,-101,-100,-103,-108,-174.6,80,15327,-11497,"2016-11-17 16:54:48.217","yaw 100-2"
57905,151.226855576985,-33.9309482353413,8.89999961853027,0.0,-0.200000002980232,-0.300000011920929,-101,-102,-101,-101,-101,-100,-103,-108,-164.3,80,15327,-11497,"2016-11-17 16:54:48.318","yaw 100-2"
57906,151.226855610474,-33.9309477140088,8.89999961853027,0.100000001490116,-0.100000001490116,-0.300000011920929,-101,-102,-101,-101,-101,-100,-103,-108,-154.2,80,15327,-11497,"2016-11-17 16:54:48.422","yaw 100-2"
57907,151.226855408384,-33.9309470938881,8.89999961853027,0.100000001490116,0.0,-0.200000002980232,-101,-102,-101,-101,-101,-100,-103,-108,-144.2,80,15327,-11497,"2016-11-17 16:54:48.522","yaw 100-2"
57908,151.226855408384,-33.9309470938881,8.89999961853027,0.100000001490116,0.0,-0.200000002980232,-101,-102,-101,-101,-101,-100,-103,-108,-144.2,80,15327,-11497,"2016-11-17 16:54:48.619","yaw 100-2"
57909,151.226855730543,-33.9309464960499,9,0.100000001490116,0.0,-0.300000011920929,-101,-102,-101,-101,-101,-100,-103,-108,-124.0,80,15327,-11497,"2016-11-17 16:54:48.726","yaw 100-2"
57910,151.22685621112,-33.930945603013,9,0.200000002980232,0.0,-0.300000011920929,-101,-102,-101,-101,-101,-100,-103,-108,-114.1,80,15327,-11497,"2016-11-17 16:54:48.824","yaw 100-2"
57911,151.226856321035,-33.9309454170673,9,0.100000001490116,0.100000001490116,-0.300000011920929,-101,-102,-101,-101,-101,-100,-103,-108,-104.4,80,15327,-11497,"2016-11-17 16:54:48.923","yaw 100-2"
57912,151.226856788136,-33.9309450461783,9.10000038146973,0.100000001490116,0.100000001490116,-0.300000011920929,-101,-102,-101,-101,-101,-100,-103,-108,-94.7,80,15304,-11648,"2016-11-17 16:54:49.032","yaw 100-2"
57913,151.226857258219,-33.9309445892314,9.10000038146973,0.100000001490116,0.200000002980232,-0.300000011920929,-101,-102,-101,-101,-101,-100,-103,-108,-85.1,80,15304,-11648,"2016-11-17 16:54:49.128","yaw 100-2"
57914,151.226857860881,-33.9309444039109,9.10000038146973,0.100000001490116,0.200000002980232,-0.300000011920929,-100,-102,-98,-101,-97,-101,-102,-108,-75.7,80,15304,-11648,"2016-11-17 16:54:49.223","yaw 100-2"
57915,151.226859063668,-33.9309441684953,9.19999980926514,0.0,0.300000011920929,-0.300000011920929,-100,-102,-98,-101,-97,-101,-102,-108,-57.0,80,15304,-11648,"2016-11-17 16:54:49.330","yaw 100-2"
57916,151.226859439303,-33.9309442038773,9.19999980926514,0.0,0.300000011920929,-0.200000002980232,-100,-102,-98,-101,-97,-101,-102,-108,-47.6,80,15304,-11648,"2016-11-17 16:54:49.424","yaw 100-2"
57917,151.226859439303,-33.9309442038773,9.19999980926514,0.0,0.300000011920929,-0.200000002980232,-100,-102,-98,-101,-97,-101,-102,-108,-47.6,80,15304,-11648,"2016-11-17 16:54:49.525","yaw 100-2"
57918,151.226859935744,-33.9309443704505,9.19999980926514,-0.100000001490116,0.300000011920929,-0.200000002980232,-100,-102,-98,-101,-97,-101,-102,-108,-38.0,80,15304,-11648,"2016-11-17 16:54:49.629","yaw 100-2"
57919,151.226860509507,-33.930944415641,9.19999980926514,-0.100000001490116,0.300000011920929,-0.200000002980232,-100,-102,-98,-101,-97,-101,-102,-108,-28.3,80,15304,-11648,"2016-11-17 16:54:49.729","yaw 100-2"
57920,151.226860802369,-33.9309447109037,9.19999980926514,-0.200000002980232,0.300000011920929,-0.200000002980232,-100,-102,-98,-101,-97,-101,-102,-108,-18.5,80,15304,-11648,"2016-11-17 16:54:49.831","yaw 100-2"
57921,151.226861173418,-33.9309450004992,9.19999980926514,-0.300000011920929,0.300000011920929,-0.100000001490116,-100,-102,-98,-101,-97,-101,-102,-108,-8.5,80,15304,-11648,"2016-11-17 16:54:49.930","yaw 100-2"
57922,151.226861439528,-33.9309454533065,9.19999980926514,-0.400000005960464,0.200000002980232,-0.200000002980232,-100,-102,-98,-101,-97,-101,-102,-108,1.8,80,15304,-11648,"2016-11-17 16:54:50.030","yaw 100-2"
57923,151.226861684978,-33.9309458504717,9.19999980926514,-0.5,0.200000002980232,-0.200000002980232,-100,-102,-98,-101,-97,-101,-102,-108,12.5,80,15304,-11648,"2016-11-17 16:54:50.130","yaw 100-2"
57924,151.226861638257,-33.9309464272175,9.19999980926514,-0.5,0.100000001490116,-0.200000002980232,-100,-102,-98,-98,-102,-96,-102,-108,23.1,80,15304,-11648,"2016-11-17 16:54:50.231","yaw 100-2"
57925,151.226861813346,-33.9309469360158,9.19999980926514,-0.5,0.100000001490116,-0.200000002980232,-100,-102,-98,-98,-102,-96,-102,-108,33.8,80,15304,-11648,"2016-11-17 16:54:50.331","yaw 100-2"
57926,151.22686146187,-33.9309473862121,9.19999980926514,-0.5,0.0,-0.300000011920929,-100,-102,-98,-98,-102,-96,-102,-108,44.0,80,15304,-11648,"2016-11-17 16:54:50.433","yaw 100-2"
57927,151.226861525305,-33.9309478733076,9.19999980926514,-0.5,0.0,-0.300000011920929,-100,-102,-98,-98,-102,-96,-102,-108,54.0,80,15304,-11648,"2016-11-17 16:54:50.532","yaw 100-2"
57928,151.226861136337,-33.9309483335759,9.19999980926514,-0.5,0.0,-0.200000002980232,-100,-102,-98,-98,-102,-96,-102,-108,63.6,80,15304,-11648,"2016-11-17 16:54:50.632","yaw 100-2"
57929,151.226860750509,-33.9309486958235,9.19999980926514,-0.5,0.0,-0.200000002980232,-100,-102,-98,-98,-102,-96,-102,-108,73.0,80,15304,-11648,"2016-11-17 16:54:50.732","yaw 100-2"
57930,151.226860042097,-33.9309493815815,9.30000019073486,-0.400000005960464,-0.100000001490116,-0.200000002980232,-100,-102,-98,-98,-102,-96,-102,-108,91.6,80,15304,-11648,"2016-11-17 16:54:50.833","yaw 100-2"
57931,151.226860042097,-33.9309493815815,9.30000019073486,-0.400000005960464,-0.100000001490116,-0.200000002980232,-100,-102,-98,-98,-102,-96,-102,-108,91.6,80,15304,-11648,"2016-11-17 16:54:50.932","yaw 100-2"
57932,151.226859148341,-33.9309493286209,9.30000019073486,-0.300000011920929,-0.200000002980232,-0.200000002980232,-100,-102,-98,-98,-102,-96,-102,-108,100.9,80,15303,-11687,"2016-11-17 16:54:51.032","yaw 100-2"
57933,151.226858840241,-33.9309496209109,9.30000019073486,-0.300000011920929,-0.200000002980232,-0.200000002980232,-100,-102,-98,-98,-102,-96,-102,-108,110.5,80,15303,-11687,"2016-11-17 16:54:51.132","yaw 100-2"
57934,151.226858156046,-33.9309494050117,9.30000019073486,-0.100000001490116,-0.300000011920929,-0.200000002980232,-101,-100,-101,-100,-101,-90,-100,-108,120.1,80,15303,-11687,"2016-11-17 16:54:51.233","yaw 100-2"
57935,151.226857418828,-33.9309492684854,9.30000019073486,-0.100000001490116,-0.300000011920929,-0.200000002980232,-101,-100,-101,-100,-101,-90,-100,-108,129.6,80,15303,-11687,"2016-11-17 16:54:51.333","yaw 100-2"
57936,151.226856569287,-33.9309488866157,9.30000019073486,0.0,-0.200000002980232,-0.100000001490116,-101,-100,-101,-100,-101,-90,-100,-108,149.7,80,15303,-11687,"2016-11-17 16:54:51.436","yaw 100-2"
57937,151.226855904701,-33.9309479916322,9.30000019073486,0.0,-0.200000002980232,-0.200000002980232,-101,-100,-101,-100,-101,-90,-100,-108,160.5,80,15303,-11687,"2016-11-17 16:54:51.534","yaw 100-2"
57938,151.226855904701,-33.9309479916322,9.30000019073486,0.0,-0.200000002980232,-0.200000002980232,-101,-100,-101,-100,-101,-90,-100,-108,160.5,80,15303,-11687,"2016-11-17 16:54:51.634","yaw 100-2"
57939,151.226855674965,-33.9309479817145,9.39999961853027,0.0,-0.100000001490116,-0.200000002980232,-101,-100,-101,-100,-101,-90,-100,-108,171.1,80,15303,-11687,"2016-11-17 16:54:51.735","yaw 100-2"
57940,151.22685550171,-33.930947481377,9.39999961853027,0.0,-0.100000001490116,-0.200000002980232,-101,-100,-101,-100,-101,-90,-100,-108,-178.1,80,15303,-11687,"2016-11-17 16:54:51.834","yaw 100-2"
57941,151.226855212431,-33.9309469735538,9.30000019073486,0.0,-0.100000001490116,-0.100000001490116,-101,-100,-101,-100,-101,-90,-100,-108,-167.4,80,15303,-11687,"2016-11-17 16:54:51.933","yaw 100-2"
57942,151.226855395411,-33.9309467185639,9.30000019073486,0.0,0.0,-0.200000002980232,-101,-100,-101,-100,-101,-90,-100,-108,-156.6,80,15352,-10739,"2016-11-17 16:54:52.035","yaw 100-2"
57943,151.226855322081,-33.9309467489518,9.30000019073486,0.0,0.0,-0.100000001490116,-101,-100,-101,-100,-101,-90,-100,-108,-145.8,80,15352,-10739,"2016-11-17 16:54:52.134","yaw 100-2"
57944,151.226855523788,-33.9309459719174,9.30000019073486,0.0,0.0,-0.100000001490116,-101,-101,-100,-100,-101,-102,-102,-108,-135.2,80,15352,-10739,"2016-11-17 16:54:52.234","yaw 100-2"
57945,151.226855460177,-33.9309459262322,9.19999980926514,0.0,0.0,-0.200000002980232,-101,-101,-100,-100,-101,-102,-102,-108,-125.0,80,15352,-10739,"2016-11-17 16:54:52.337","yaw 100-2"
57946,151.226855554027,-33.930945725517,9.19999980926514,0.0,0.0,-0.200000002980232,-101,-101,-100,-100,-101,-102,-102,-108,-115.3,80,15352,-10739,"2016-11-17 16:54:52.434","yaw 100-2"
57947,151.226855688062,-33.9309451878034,9.19999980926514,0.0,0.0,-0.200000002980232,-101,-101,-100,-100,-101,-102,-102,-108,-105.8,80,15352,-10739,"2016-11-17 16:54:52.534","yaw 100-2"
57948,151.226855870189,-33.9309450794771,9.19999980926514,0.0,0.0,-0.300000011920929,-101,-101,-100,-100,-101,-102,-102,-108,-96.6,80,15352,-10739,"2016-11-17 16:54:52.635","yaw 100-2"
57949,151.22685583697,-33.9309450124347,9.19999980926514,0.0,0.0,-0.300000011920929,-101,-101,-100,-100,-101,-102,-102,-108,-87.3,80,15352,-10739,"2016-11-17 16:54:52.734","yaw 100-2"
57950,151.226856140474,-33.9309448358767,9.30000019073486,0.100000001490116,0.0,-0.300000011920929,-101,-101,-100,-100,-101,-102,-102,-108,-69.1,80,15352,-10739,"2016-11-17 16:54:52.835","yaw 100-2"
57951,151.226856140474,-33.9309448358767,9.30000019073486,0.100000001490116,0.0,-0.300000011920929,-101,-101,-100,-100,-101,-102,-102,-108,-69.1,80,15352,-10739,"2016-11-17 16:54:52.936","yaw 100-2"
57952,151.226856388754,-33.930944638906,9.30000019073486,0.100000001490116,0.0,-0.200000002980232,-101,-101,-100,-100,-101,-102,-102,-108,-59.9,80,15399,-10191,"2016-11-17 16:54:53.035","yaw 100-2"
57953,151.226856441976,-33.930944590962,9.30000019073486,0.100000001490116,0.0,-0.200000002980232,-101,-101,-100,-100,-101,-102,-102,-108,-50.5,80,15399,-10191,"2016-11-17 16:54:53.136","yaw 100-2"
57954,151.226856681558,-33.9309443652287,9.30000019073486,0.100000001490116,0.0,-0.200000002980232,-101,-101,-95,-99,-90,-99,-103,-108,-41.0,80,15399,-10191,"2016-11-17 16:54:53.236","yaw 100-2"
57955,151.226856765497,-33.9309442832498,9.39999961853027,0.100000001490116,0.100000001490116,-0.100000001490116,-101,-101,-95,-99,-90,-99,-103,-108,-31.2,80,15399,-10191,"2016-11-17 16:54:53.336","yaw 100-2"
57956,151.226856767404,-33.9309442868726,9.39999961853027,0.0,0.0,-0.100000001490116,-101,-101,-95,-99,-90,-99,-103,-108,-21.2,80,15399,-10191,"2016-11-17 16:54:53.437","yaw 100-2"
57957,151.226856787161,-33.930944352118,9.39999961853027,0.0,0.0,-0.100000001490116,-101,-101,-95,-99,-90,-99,-103,-108,-11.3,80,15399,-10191,"2016-11-17 16:54:53.537","yaw 100-2"
57958,151.226856643845,-33.9309444738679,9.39999961853027,-0.100000001490116,0.0,0.0,-101,-101,-95,-99,-90,-99,-103,-108,-1.4,80,15399,-10191,"2016-11-17 16:54:53.637","yaw 100-2"
57959,151.226856646313,-33.9309447171604,9.39999961853027,-0.200000002980232,0.0,-0.100000001490116,-101,-101,-95,-99,-90,-99,-103,-108,8.4,80,15399,-10191,"2016-11-17 16:54:53.738","yaw 100-2"
57960,151.226856031307,-33.9309449380703,9.39999961853027,-0.200000002980232,0.0,-0.100000001490116,-101,-101,-95,-99,-90,-99,-103,-108,18.5,80,15399,-10191,"2016-11-17 16:54:53.839","yaw 100-2"
57961,151.226855965537,-33.930945220464,9.39999961853027,-0.300000011920929,0.0,-0.100000001490116,-101,-101,-95,-99,-90,-99,-103,-108,28.9,80,15399,-10191,"2016-11-17 16:54:53.939","yaw 100-2"
57962,151.226855403053,-33.9309457004802,9.39999961853027,-0.300000011920929,-0.100000001490116,-0.100000001490116,-101,-101,-95,-99,-90,-99,-103,-108,39.7,78,15428,-9279,"2016-11-17 16:54:54.042","yaw 100-2"
57963,151.226854810575,-33.9309459853432,9.39999961853027,-0.400000005960464,-0.100000001490116,-0.100000001490116,-101,-101,-95,-99,-90,-99,-103,-108,50.7,78,15428,-9279,"2016-11-17 16:54:54.141","yaw 100-2"
57964,151.226853728579,-33.9309467058156,9.39999961853027,-0.400000005960464,-0.300000011920929,-0.100000001490116,-101,-101,-101,-94,-90,-99,-101,-108,72.1,78,15428,-9279,"2016-11-17 16:54:54.240","yaw 100-2"
57965,151.226853728579,-33.9309467058156,9.39999961853027,-0.400000005960464,-0.300000011920929,-0.100000001490116,-101,-101,-101,-94,-90,-99,-101,-108,72.1,78,15428,-9279,"2016-11-17 16:54:54.341","yaw 100-2"
57966,151.226852471392,-33.9309468788676,9.39999961853027,-0.400000005960464,-0.400000005960464,-0.200000002980232,-101,-101,-101,-94,-90,-99,-101,-108,81.8,78,15428,-9279,"2016-11-17 16:54:54.447","yaw 100-2"
57967,151.226852036192,-33.9309472670935,9.39999961853027,-0.400000005960464,-0.300000011920929,-0.100000001490116,-101,-101,-101,-94,-90,-99,-101,-108,91.2,78,15428,-9279,"2016-11-17 16:54:54.542","yaw 100-2"
57968,151.226851187626,-33.9309473339525,9.39999961853027,-0.300000011920929,-0.400000005960464,0.0,-101,-101,-101,-94,-90,-99,-101,-108,100.4,78,15428,-9279,"2016-11-17 16:54:54.642","yaw 100-2"
57969,151.226850254574,-33.9309473985932,9.39999961853027,-0.200000002980232,-0.400000005960464,-0.200000002980232,-101,-101,-101,-94,-90,-99,-101,-108,109.7,78,15428,-9279,"2016-11-17 16:54:54.747","yaw 100-2"
57970,151.226849333142,-33.9309473732872,9.39999961853027,-0.100000001490116,-0.400000005960464,-0.100000001490116,-101,-101,-101,-94,-90,-99,-101,-108,119.2,78,15428,-9279,"2016-11-17 16:54:54.848","yaw 100-2"
57971,151.226847707485,-33.9309469970463,9.39999961853027,0.0,-0.400000005960464,-0.200000002980232,-101,-101,-101,-94,-90,-99,-101,-108,138.5,78,15428,-9279,"2016-11-17 16:54:54.949","yaw 100-2"
57972,151.226847707485,-33.9309469970463,9.39999961853027,0.0,-0.400000005960464,-0.200000002980232,-101,-101,-101,-94,-90,-99,-101,-108,138.5,78,15439,-9298,"2016-11-17 16:54:55.048","yaw 100-2"
57973,151.226847252692,-33.9309470420023,9.39999961853027,0.0,-0.300000011920929,-0.100000001490116,-101,-101,-101,-94,-90,-99,-101,-108,148.5,78,15439,-9298,"2016-11-17 16:54:55.149","yaw 100-2"
57974,151.226846734363,-33.9309466595597,9.39999961853027,0.0,-0.300000011920929,-0.100000001490116,-91,-101,-100,-100,-98,-101,-101,-108,158.6,78,15439,-9298,"2016-11-17 16:54:55.253","yaw 100-2"
57975,151.226845937139,-33.9309463208618,9.5,0.0,-0.300000011920929,-0.200000002980232,-91,-101,-100,-100,-98,-101,-101,-108,168.7,78,15439,-9298,"2016-11-17 16:54:55.350","yaw 100-2"
57976,151.22684555545,-33.9309460059294,9.5,0.0,-0.200000002980232,-0.100000001490116,-91,-101,-100,-100,-98,-101,-101,-108,179.1,78,15439,-9298,"2016-11-17 16:54:55.452","yaw 100-2"
57977,151.226845295419,-33.9309460665237,9.5,-0.100000001490116,-0.200000002980232,-0.100000001490116,-91,-101,-100,-100,-98,-101,-101,-108,-170.2,78,15439,-9298,"2016-11-17 16:54:55.549","yaw 100-2"
57978,151.226845019035,-33.9309454506914,9.5,0.0,-0.100000001490116,0.0,-91,-101,-100,-100,-98,-101,-101,-108,-159.8,78,15439,-9298,"2016-11-17 16:54:55.653","yaw 100-2"
57979,151.226844874598,-33.9309455151739,9.39999961853027,0.0,-0.100000001490116,-0.100000001490116,-91,-101,-100,-100,-98,-101,-101,-108,-149.0,78,15439,-9298,"2016-11-17 16:54:55.750","yaw 100-2"
57980,151.226844990702,-33.9309453387213,9.39999961853027,0.0,0.0,-0.100000001490116,-91,-101,-100,-100,-98,-101,-101,-108,-138.3,78,15439,-9298,"2016-11-17 16:54:55.849","yaw 100-2"
57981,151.226844857585,-33.9309449096857,9.39999961853027,0.0,0.0,-0.200000002980232,-91,-101,-100,-100,-98,-101,-101,-108,-127.9,78,15439,-9298,"2016-11-17 16:54:55.953","yaw 100-2"
57982,151.226845041393,-33.9309448482966,9.5,0.0,0.0,-0.200000002980232,-91,-101,-100,-100,-98,-101,-101,-108,-117.9,78,15444,-9351,"2016-11-17 16:54:56.050","yaw 100-2"
57983,151.226845041393,-33.9309448482966,9.5,0.0,0.0,-0.200000002980232,-91,-101,-100,-100,-98,-101,-101,-108,-117.9,78,15444,-9351,"2016-11-17 16:54:56.149","yaw 100-2"
57984,151.226845216317,-33.9309448364314,9.5,0.0,0.0,-0.100000001490116,-98,-102,-101,-101,-102,-100,-101,-108,-99.0,78,15444,-9351,"2016-11-17 16:54:56.248","yaw 100-2"
57985,151.226845609818,-33.9309446767744,9.5,0.0,0.0,-0.100000001490116,-98,-102,-101,-101,-102,-100,-101,-108,-80.6,78,15444,-9351,"2016-11-17 16:54:56.349","yaw 100-2"
57986,151.226845609818,-33.9309446767744,9.5,0.0,0.0,-0.100000001490116,-98,-102,-101,-101,-102,-100,-101,-108,-80.6,78,15444,-9351,"2016-11-17 16:54:56.449","yaw 100-2"
57987,151.226845605122,-33.9309446523158,9.5,0.0,0.0,-0.100000001490116,-98,-102,-101,-101,-102,-100,-101,-108,-71.2,78,15444,-9351,"2016-11-17 16:54:56.549","yaw 100-2"
57988,151.226846013932,-33.9309449064043,9.5,0.0,0.0,-0.100000001490116,-98,-102,-101,-101,-102,-100,-101,-108,-61.6,78,15444,-9351,"2016-11-17 16:54:56.657","yaw 100-2"
57989,151.226846034113,-33.9309448743271,9.60000038146973,0.0,0.0,-0.100000001490116,-98,-102,-101,-101,-102,-100,-101,-108,-52.0,78,15444,-9351,"2016-11-17 16:54:56.749","yaw 100-2"
57990,151.226846146705,-33.9309450740724,9.60000038146973,0.0,0.0,-0.100000001490116,-98,-102,-101,-101,-102,-100,-101,-108,-42.3,78,15444,-9351,"2016-11-17 16:54:56.849","yaw 100-2"
57991,151.22684632046,-33.9309452902612,9.60000038146973,0.0,0.0,-0.100000001490116,-98,-102,-101,-101,-102,-100,-101,-108,-32.3,78,15444,-9351,"2016-11-17 16:54:56.950","yaw 100-2"
57992,151.226846293111,-33.9309456579173,9.60000038146973,-0.100000001490116,0.0,0.0,-98,-102,-101,-101,-102,-100,-101,-108,-12.5,78,15455,-9100,"2016-11-17 16:54:57.050","yaw 100-2"
57993,151.226846079185,-33.930946065773,9.60000038146973,-0.200000002980232,0.0,0.0,-98,-102,-101,-101,-102,-100,-101,-108,-2.8,78,15455,-9100,"2016-11-17 16:54:57.150","yaw 100-2"
57994,151.226846079185,-33.930946065773,9.60000038146973,-0.200000002980232,0.0,0.0,-90,-101,-95,-100,-101,-100,-102,-108,-2.8,78,15455,-9100,"2016-11-17 16:54:57.250","yaw 100-2"
57995,151.22684604761,-33.9309463114338,9.60000038146973,-0.300000011920929,0.0,0.0,-90,-101,-95,-100,-101,-100,-102,-108,7.1,78,15455,-9100,"2016-11-17 16:54:57.351","yaw 100-2"
57996,151.226845704159,-33.9309466922723,9.60000038146973,-0.300000011920929,0.0,0.0,-90,-101,-95,-100,-101,-100,-102,-108,17.3,78,15455,-9100,"2016-11-17 16:54:57.451","yaw 100-2"
57997,151.226845295218,-33.9309471875641,9.60000038146973,-0.400000005960464,0.0,0.0,-90,-101,-95,-100,-101,-100,-102,-108,27.8,78,15455,-9100,"2016-11-17 16:54:57.551","yaw 100-2"
57998,151.226844776008,-33.9309476561937,9.60000038146973,-0.400000005960464,-0.100000001490116,0.0,-90,-101,-95,-100,-101,-100,-102,-108,38.6,78,15455,-9100,"2016-11-17 16:54:57.658","yaw 100-2"
57999,151.22684374531,-33.930948415061,9.60000038146973,-0.400000005960464,-0.100000001490116,0.0,-90,-101,-95,-100,-101,-100,-102,-108,59.7,78,15455,-9100,"2016-11-17 16:54:57.761","yaw 100-2"
58000,151.226843554913,-33.9309487810868,9.5,-0.400000005960464,-0.100000001490116,0.0,-90,-101,-95,-100,-101,-100,-102,-108,69.7,78,15455,-9100,"2016-11-17 16:54:57.851","yaw 100-2"
58001,151.226843554913,-33.9309487810868,9.5,-0.400000005960464,-0.100000001490116,0.0,-90,-101,-95,-100,-101,-100,-102,-108,69.7,78,15455,-9100,"2016-11-17 16:54:57.952","yaw 100-2"
58002,151.226842917959,-33.9309490713807,9.5,-0.300000011920929,-0.200000002980232,-0.100000001490116,-90,-101,-95,-100,-101,-100,-102,-108,79.4,78,15459,-9182,"2016-11-17 16:54:58.050","yaw 100-2"
58003,151.226842132867,-33.9309493003739,9.5,-0.300000011920929,-0.200000002980232,0.0,-90,-101,-95,-100,-101,-100,-102,-108,89.0,78,15459,-9182,"2016-11-17 16:54:58.152","yaw 100-2"
58004,151.226841603609,-33.930949334695,9.5,-0.200000002980232,-0.300000011920929,0.0,-98,-94,-98,-98,-85,-101,-102,-108,98.5,78,15459,-9182,"2016-11-17 16:54:58.264","yaw 100-2"
58005,151.226840182207,-33.9309493780632,9.5,-0.100000001490116,-0.300000011920929,0.0,-98,-94,-98,-98,-85,-101,-102,-108,118.2,78,15459,-9182,"2016-11-17 16:54:58.352","yaw 100-2"
58006,151.226839742955,-33.9309494982467,9.5,-0.100000001490116,-0.400000005960464,0.0,-98,-94,-98,-98,-85,-101,-102,-108,127.8,78,15459,-9182,"2016-11-17 16:54:58.452","yaw 100-2"
58007,151.22683903674,-33.9309492015473,9.60000038146973,0.0,-0.400000005960464,-0.100000001490116,-98,-94,-98,-98,-85,-101,-102,-108,137.7,78,15459,-9182,"2016-11-17 16:54:58.552","yaw 100-2"
58008,151.226838294104,-33.9309488788562,9.60000038146973,0.0,-0.300000011920929,-0.100000001490116,-98,-94,-98,-98,-85,-101,-102,-108,147.7,78,15459,-9182,"2016-11-17 16:54:58.653","yaw 100-2"
58009,151.226838294104,-33.9309488788562,9.60000038146973,0.0,-0.300000011920929,-0.100000001490116,-98,-94,-98,-98,-85,-101,-102,-108,147.7,78,15459,-9182,"2016-11-17 16:54:58.753","yaw 100-2"
58010,151.226837799897,-33.9309484511004,9.60000038146973,0.0,-0.300000011920929,-0.100000001490116,-98,-94,-98,-98,-85,-101,-102,-108,157.8,78,15459,-9182,"2016-11-17 16:54:58.856","yaw 100-2"
58011,151.226837509164,-33.9309484521079,9.60000038146973,0.0,-0.200000002980232,-0.100000001490116,-98,-94,-98,-98,-85,-101,-102,-108,168.1,78,15459,-9182,"2016-11-17 16:54:58.966","yaw 100-2"
58012,151.226837018051,-33.9309476945466,9.69999980926514,0.0,-0.100000001490116,-0.100000001490116,-98,-94,-98,-98,-85,-101,-102,-108,-171.2,78,15402,-9912,"2016-11-17 16:54:59.053","yaw 100-2"
58013,151.2268371547,-33.9309475194532,9.69999980926514,0.0,0.0,0.0,-98,-94,-98,-98,-85,-101,-102,-108,-160.6,78,15402,-9912,"2016-11-17 16:54:59.153","yaw 100-2"
58014,151.226837073437,-33.930947534437,9.60000038146973,0.0,0.0,-0.100000001490116,-100,-102,-92,-100,-101,-100,-102,-108,-150.1,78,15402,-9912,"2016-11-17 16:54:59.254","yaw 100-2"
58015,151.226837073437,-33.930947534437,9.60000038146973,0.0,0.0,-0.100000001490116,-100,-102,-92,-100,-101,-100,-102,-108,-150.1,78,15402,-9912,"2016-11-17 16:54:59.355","yaw 100-2"
58016,151.226837073437,-33.930947534437,9.60000038146973,0.0,0.0,-0.100000001490116,-100,-102,-92,-100,-101,-100,-102,-108,-150.1,78,15402,-9912,"2016-11-17 16:54:59.454","yaw 100-2"
58017,151.226837181005,-33.930946904787,9.60000038146973,0.0,0.0,0.0,-100,-102,-92,-100,-101,-100,-102,-108,-129.5,78,15402,-9912,"2016-11-17 16:54:59.559","yaw 100-2"
58018,151.226837473428,-33.93094685053,9.60000038146973,0.0,0.0,0.0,-100,-102,-92,-100,-101,-100,-102,-108,-119.7,78,15402,-9912,"2016-11-17 16:54:59.669","yaw 100-2"
58019,151.22683761609,-33.9309466206223,9.60000038146973,0.0,0.0,-0.100000001490116,-100,-102,-92,-100,-101,-100,-102,-108,-110.2,78,15402,-9912,"2016-11-17 16:54:59.758","yaw 100-2"
58020,151.226837880436,-33.9309465370525,9.60000038146973,0.0,0.0,0.0,-100,-102,-92,-100,-101,-100,-102,-108,-100.9,78,15402,-9912,"2016-11-17 16:54:59.869","yaw 100-2"
58021,151.226837880774,-33.9309466005807,9.60000038146973,0.0,0.0,-0.100000001490116,-100,-102,-92,-100,-101,-100,-102,-108,-91.5,78,15402,-9912,"2016-11-17 16:54:59.960","yaw 100-2"
58022,151.226838680839,-33.9309464887651,9.60000038146973,0.0,0.100000001490116,-0.100000001490116,-100,-102,-92,-100,-101,-100,-102,-108,-82.4,78,15368,-10756,"2016-11-17 16:55:00.060","yaw 100-2"
58023,151.226838791858,-33.9309465420414,9.60000038146973,0.0,0.0,-0.100000001490116,-100,-102,-92,-100,-101,-100,-102,-108,-73.2,78,15368,-10756,"2016-11-17 16:55:00.159","yaw 100-2"
58024,151.226838998631,-33.9309467331307,9.60000038146973,0.0,0.100000001490116,-0.100000001490116,-100,-101,-98,-101,-100,-84,-102,-108,-63.9,78,15368,-10756,"2016-11-17 16:55:00.276","yaw 100-2"
58025,151.226839358513,-33.9309468242462,9.60000038146973,0.0,0.100000001490116,-0.100000001490116,-100,-101,-98,-101,-100,-84,-102,-108,-54.5,78,15368,-10756,"2016-11-17 16:55:00.362","yaw 100-2"
58026,151.226839554856,-33.9309469851508,9.60000038146973,0.0,0.100000001490116,-0.100000001490116,-100,-101,-98,-101,-100,-84,-102,-108,-44.8,78,15368,-10756,"2016-11-17 16:55:00.460","yaw 100-2"
58027,151.226839704625,-33.9309469844185,9.60000038146973,0.0,0.100000001490116,-0.100000001490116,-100,-101,-98,-101,-100,-84,-102,-108,-35.2,78,15368,-10756,"2016-11-17 16:55:00.565","yaw 100-2"
58028,151.226840003717,-33.9309472706349,9.60000038146973,0.0,0.100000001490116,0.0,-100,-101,-98,-101,-100,-84,-102,-108,-25.3,78,15368,-10756,"2016-11-17 16:55:00.662","yaw 100-2"
58029,151.226840160253,-33.93094726207,9.60000038146973,0.0,0.100000001490116,0.0,-100,-101,-98,-101,-100,-84,-102,-108,-15.2,78,15368,-10756,"2016-11-17 16:55:00.763","yaw 100-2"
58030,151.226840121414,-33.9309473831554,9.60000038146973,-0.100000001490116,0.100000001490116,0.0,-100,-101,-98,-101,-100,-84,-102,-108,-5.2,78,15368,-10756,"2016-11-17 16:55:00.863","yaw 100-2"
58031,151.226840194307,-33.9309476979783,9.60000038146973,-0.100000001490116,0.100000001490116,0.0,-100,-101,-98,-101,-100,-84,-102,-108,4.9,78,15368,-10756,"2016-11-17 16:55:00.963","yaw 100-2"
58032,151.226840180907,-33.9309477422753,9.60000038146973,-0.200000002980232,0.0,0.0,-100,-101,-98,-101,-100,-84,-102,-108,15.1,78,15403,-10121,"2016-11-17 16:55:01.063","yaw 100-2"
58033,151.226840256761,-33.9309479204282,9.60000038146973,-0.200000002980232,0.0,0.0,-100,-101,-98,-101,-100,-84,-102,-108,25.6,78,15403,-10121,"2016-11-17 16:55:01.164","yaw 100-2"
58034,151.226839929069,-33.9309482449853,9.60000038146973,-0.200000002980232,0.0,0.0,-96,-93,-100,-100,-102,-91,-102,-108,36.2,78,15403,-10121,"2016-11-17 16:55:01.264","yaw 100-2"
58035,151.226839897457,-33.9309484601498,9.5,-0.200000002980232,0.0,0.0,-96,-93,-100,-100,-102,-91,-102,-108,46.7,78,15403,-10121,"2016-11-17 16:55:01.365","yaw 100-2"
58036,151.226838869966,-33.9309486142473,9.5,-0.100000001490116,-0.200000002980232,0.0,-96,-93,-100,-100,-102,-91,-102,-108,68.4,78,15403,-10121,"2016-11-17 16:55:01.464","yaw 100-2"
58037,151.226838869966,-33.9309486142473,9.5,-0.100000001490116,-0.200000002980232,0.0,-96,-93,-100,-100,-102,-91,-102,-108,68.4,78,15403,-10121,"2016-11-17 16:55:01.566","yaw 100-2"
58038,151.226838157982,-33.9309486043072,9.39999961853027,0.0,-0.300000011920929,-0.100000001490116,-96,-93,-100,-100,-102,-91,-102,-108,79.2,78,15403,-10121,"2016-11-17 16:55:01.665","yaw 100-2"
58039,151.226837715736,-33.9309486886188,9.39999961853027,0.0,-0.400000005960464,-0.100000001490116,-96,-93,-100,-100,-102,-91,-102,-108,89.5,78,15403,-10121,"2016-11-17 16:55:01.767","yaw 100-2"
58040,151.226836487616,-33.9309484862186,9.39999961853027,0.0,-0.400000005960464,-0.100000001490116,-96,-93,-100,-100,-102,-91,-102,-108,99.5,78,15403,-10121,"2016-11-17 16:55:01.882","yaw 100-2"
58041,151.226835944318,-33.9309485228859,9.39999961853027,0.0,-0.5,-0.200000002980232,-96,-93,-100,-100,-102,-91,-102,-108,109.0,78,15403,-10121,"2016-11-17 16:55:01.966","yaw 100-2"
58042,151.22683514062,-33.9309481800942,9.39999961853027,0.0,-0.5,-0.100000001490116,-96,-93,-100,-100,-102,-91,-102,-108,118.2,78,15371,-10065,"2016-11-17 16:55:02.067","yaw 100-2"
58043,151.226834320889,-33.9309478750004,9.39999961853027,0.0,-0.5,-0.200000002980232,-96,-93,-100,-100,-102,-91,-102,-108,127.5,78,15371,-10065,"2016-11-17 16:55:02.182","yaw 100-2"
58044,151.22683343983,-33.9309473271081,9.39999961853027,0.100000001490116,-0.5,-0.200000002980232,-100,-101,-100,-100,-101,-102,-102,-108,136.7,78,15371,-10065,"2016-11-17 16:55:02.267","yaw 100-2"
58045,151.226832809271,-33.9309471404696,9.39999961853027,0.200000002980232,-0.5,-0.200000002980232,-100,-101,-100,-100,-101,-102,-102,-108,145.8,78,15371,-10065,"2016-11-17 16:55:02.385","yaw 100-2"
58046,151.226831978264,-33.930946518064,9.39999961853027,0.300000011920929,-0.5,-0.200000002980232,-100,-101,-100,-100,-101,-102,-102,-108,155.1,78,15371,-10065,"2016-11-17 16:55:02.468","yaw 100-2"
58047,151.226831159389,-33.930945795786,9.39999961853027,0.300000011920929,-0.5,-0.200000002980232,-100,-101,-100,-100,-101,-102,-102,-108,164.9,78,15371,-10065,"2016-11-17 16:55:02.568","yaw 100-2"
58048,151.226830658286,-33.9309449956152,9.39999961853027,0.400000005960464,-0.5,-0.100000001490116,-100,-101,-100,-100,-101,-102,-102,-108,175.0,78,15371,-10065,"2016-11-17 16:55:02.668","yaw 100-2"
58049,151.226830107069,-33.9309445997511,9.39999961853027,0.400000005960464,-0.400000005960464,-0.200000002980232,-100,-101,-100,-100,-101,-102,-102,-108,-174.5,78,15371,-10065,"2016-11-17 16:55:02.769","yaw 100-2"
58050,151.226829470167,-33.9309433930599,9.39999961853027,0.400000005960464,-0.400000005960464,0.0,-100,-101,-100,-100,-101,-102,-102,-108,-164.3,78,15371,-10065,"2016-11-17 16:55:02.870","yaw 100-2"
58051,151.226829017296,-33.9309430539742,9.39999961853027,0.300000011920929,-0.300000011920929,-0.200000002980232,-100,-101,-100,-100,-101,-102,-102,-108,-154.0,78,15371,-10065,"2016-11-17 16:55:02.970","yaw 100-2"
58052,151.22682894722,-33.9309424522563,9.5,0.200000002980232,-0.300000011920929,-0.200000002980232,-100,-101,-100,-100,-101,-102,-102,-108,-143.4,78,15371,-10065,"2016-11-17 16:55:03.070","yaw 100-2"
58053,151.226828646633,-33.9309418705309,9.5,0.100000001490116,-0.200000002980232,-0.100000001490116,-100,-101,-100,-100,-101,-102,-102,-108,-132.9,78,15371,-10065,"2016-11-17 16:55:03.170","yaw 100-2"
58054,151.226828655715,-33.9309414635851,9.5,0.200000002980232,-0.200000002980232,-0.100000001490116,-100,-89,-100,-101,-102,-102,-99,-108,-122.1,78,15371,-10065,"2016-11-17 16:55:03.270","yaw 100-2"
58055,151.226828419239,-33.930941309027,9.39999961853027,0.100000001490116,-0.200000002980232,0.0,-100,-89,-100,-101,-102,-102,-99,-108,-111.1,78,15371,-10065,"2016-11-17 16:55:03.372","yaw 100-2"
58056,151.226828526495,-33.9309408769735,9.39999961853027,0.100000001490116,-0.200000002980232,0.0,-100,-89,-100,-101,-102,-102,-99,-108,-100.5,78,15371,-10065,"2016-11-17 16:55:03.470","yaw 100-2"
58057,151.226828272705,-33.9309406560027,9.39999961853027,0.100000001490116,-0.100000001490116,-0.100000001490116,-100,-89,-100,-101,-102,-102,-99,-108,-80.1,78,15371,-10065,"2016-11-17 16:55:03.574","yaw 100-2"
58058,151.226828272705,-33.9309406560027,9.39999961853027,0.100000001490116,-0.100000001490116,-0.100000001490116,-100,-89,-100,-101,-102,-102,-99,-108,-80.1,78,15371,-10065,"2016-11-17 16:55:03.670","yaw 100-2"
58059,151.22682825018,-33.9309403558468,9.39999961853027,0.0,-0.200000002980232,-0.200000002980232,-100,-89,-100,-101,-102,-102,-99,-108,-70.1,78,15371,-10065,"2016-11-17 16:55:03.772","yaw 100-2"
58060,151.226828145972,-33.9309404987762,9.39999961853027,0.0,-0.100000001490116,-0.200000002980232,-100,-89,-100,-101,-102,-102,-99,-108,-60.5,78,15371,-10065,"2016-11-17 16:55:03.870","yaw 100-2"
58061,151.226827956005,-33.9309404505479,9.39999961853027,0.0,-0.100000001490116,-0.100000001490116,-100,-89,-100,-101,-102,-102,-99,-108,-51.3,78,15371,-10065,"2016-11-17 16:55:03.971","yaw 100-2"
58062,151.226828063486,-33.930940621588,9.39999961853027,0.0,-0.100000001490116,-0.200000002980232,-100,-89,-100,-101,-102,-102,-99,-108,-42.1,78,15428,-9125,"2016-11-17 16:55:04.076","yaw 100-2"
58063,151.226827714485,-33.9309407113907,9.5,0.0,0.0,-0.100000001490116,-100,-89,-100,-101,-102,-102,-99,-108,-23.0,78,15428,-9125,"2016-11-17 16:55:04.171","yaw 100-2"
58064,151.226827714485,-33.9309407113907,9.5,0.0,0.0,-0.100000001490116,-100,-100,-95,-100,-100,-102,-102,-108,-23.0,78,15428,-9125,"2016-11-17 16:55:04.272","yaw 100-2"
58065,151.226827770031,-33.9309408916297,9.5,0.0,0.0,-0.100000001490116,-100,-100,-95,-100,-100,-102,-102,-108,-13.3,78,15428,-9125,"2016-11-17 16:55:04.372","yaw 100-2"
58066,151.226827692453,-33.9309410765729,9.5,-0.100000001490116,0.0,-0.100000001490116,-100,-100,-95,-100,-100,-102,-102,-108,-3.6,78,15428,-9125,"2016-11-17 16:55:04.478","yaw 100-2"
58067,151.22682768027,-33.9309412408914,9.5,-0.200000002980232,0.0,-0.100000001490116,-100,-100,-95,-100,-100,-102,-102,-108,6.1,78,15428,-9125,"2016-11-17 16:55:04.572","yaw 100-2"
58068,151.226827199661,-33.9309418699639,9.5,-0.200000002980232,0.0,0.0,-100,-100,-95,-100,-100,-102,-102,-108,16.0,78,15428,-9125,"2016-11-17 16:55:04.672","yaw 100-2"
58069,151.226827186823,-33.9309421427829,9.60000038146973,-0.300000011920929,0.0,-0.100000001490116,-100,-100,-95,-100,-100,-102,-102,-108,25.9,78,15428,-9125,"2016-11-17 16:55:04.772","yaw 100-2"
58070,151.226826920503,-33.9309425604238,9.60000038146973,-0.300000011920929,0.0,0.0,-100,-100,-95,-100,-100,-102,-102,-108,36.0,78,15428,-9125,"2016-11-17 16:55:04.873","yaw 100-2"
58071,151.2268263761,-33.9309435401551,9.5,-0.400000005960464,0.0,0.0,-100,-100,-95,-100,-100,-102,-102,-108,55.9,78,15428,-9125,"2016-11-17 16:55:04.977","yaw 100-2"
58072,151.2268263761,-33.9309435401551,9.5,-0.400000005960464,0.0,0.0,-100,-100,-95,-100,-100,-102,-102,-108,55.9,78,15459,-8792,"2016-11-17 16:55:05.074","yaw 100-2"
58073,151.226826413374,-33.930943936109,9.60000038146973,-0.400000005960464,0.0,-0.100000001490116,-100,-100,-95,-100,-100,-102,-102,-108,65.7,78,15459,-8792,"2016-11-17 16:55:05.175","yaw 100-2"
58074,151.226825672213,-33.9309442755015,9.60000038146973,-0.300000011920929,0.0,0.0,-96,-102,-101,-100,-100,-97,-102,-108,75.6,78,15459,-8792,"2016-11-17 16:55:05.274","yaw 100-2"
58075,151.226825580234,-33.9309446284957,9.60000038146973,-0.300000011920929,0.0,-0.100000001490116,-96,-102,-101,-100,-100,-97,-102,-108,85.3,78,15459,-8792,"2016-11-17 16:55:05.374","yaw 100-2"
58076,151.226825339351,-33.9309450117789,9.60000038146973,-0.300000011920929,-0.100000001490116,0.0,-96,-102,-101,-100,-100,-97,-102,-108,95.1,78,15459,-8792,"2016-11-17 16:55:05.479","yaw 100-2"
58077,151.226825192279,-33.9309453330234,9.60000038146973,-0.300000011920929,-0.100000001490116,0.0,-96,-102,-101,-100,-100,-97,-102,-108,104.7,78,15459,-8792,"2016-11-17 16:55:05.575","yaw 100-2"
58078,151.226824376157,-33.9309455410222,9.60000038146973,-0.200000002980232,0.0,0.0,-96,-102,-101,-100,-100,-97,-102,-108,125.0,78,15459,-8792,"2016-11-17 16:55:05.683","yaw 100-2"
58079,151.226824376157,-33.9309455410222,9.60000038146973,-0.200000002980232,0.0,0.0,-96,-102,-101,-100,-100,-97,-102,-108,125.0,78,15459,-8792,"2016-11-17 16:55:05.776","yaw 100-2"
58080,151.22682415153,-33.930945440422,9.60000038146973,-0.200000002980232,0.0,0.0,-96,-102,-101,-100,-100,-97,-102,-108,135.3,78,15459,-8792,"2016-11-17 16:55:05.876","yaw 100-2"
58081,151.226823941956,-33.9309455439209,9.5,-0.200000002980232,0.0,0.0,-96,-102,-101,-100,-100,-97,-102,-108,145.6,78,15459,-8792,"2016-11-17 16:55:05.975","yaw 100-2"
58082,151.226823929122,-33.9309455404169,9.5,-0.200000002980232,0.0,0.0,-96,-102,-101,-100,-100,-97,-102,-108,155.8,78,15472,-8666,"2016-11-17 16:55:06.075","yaw 100-2"
58083,151.226823910364,-33.9309457966447,9.5,-0.300000011920929,0.0,0.0,-96,-102,-101,-100,-100,-97,-102,-108,166.2,78,15472,-8666,"2016-11-17 16:55:06.176","yaw 100-2"
58084,151.226823942165,-33.9309454653567,9.5,-0.200000002980232,0.0,0.0,-96,-101,-101,-100,-90,-92,-102,-108,176.7,78,15472,-8666,"2016-11-17 16:55:06.276","yaw 100-2"
58085,151.226824214326,-33.9309457549732,9.39999961853027,-0.200000002980232,0.0,-0.100000001490116,-96,-101,-101,-100,-90,-92,-102,-108,-161.9,78,15472,-8666,"2016-11-17 16:55:06.376","yaw 100-2"
58086,151.226824214326,-33.9309457549732,9.39999961853027,-0.200000002980232,0.0,-0.100000001490116,-96,-101,-101,-100,-90,-92,-102,-108,-161.9,78,15472,-8666,"2016-11-17 16:55:06.476","yaw 100-2"
58087,151.226824271139,-33.930945590759,9.39999961853027,-0.200000002980232,0.0,0.0,-96,-101,-101,-100,-90,-92,-102,-108,-150.9,78,15472,-8666,"2016-11-17 16:55:06.577","yaw 100-2"
58088,151.226824654981,-33.9309457920866,9.30000019073486,-0.200000002980232,0.0,0.0,-96,-101,-101,-100,-90,-92,-102,-108,-140.0,78,15472,-8666,"2016-11-17 16:55:06.676","yaw 100-2"
58089,151.226824708295,-33.9309459855927,9.30000019073486,-0.200000002980232,0.0,0.0,-96,-101,-101,-100,-90,-92,-102,-108,-129.7,78,15472,-8666,"2016-11-17 16:55:06.776","yaw 100-2"
58090,151.226825391142,-33.9309459529702,9.30000019073486,-0.200000002980232,0.0,-0.100000001490116,-96,-101,-101,-100,-90,-92,-102,-108,-120.0,78,15472,-8666,"2016-11-17 16:55:06.886","yaw 100-2"
58091,151.226825465283,-33.9309462000375,9.30000019073486,-0.200000002980232,0.0,-0.200000002980232,-96,-101,-101,-100,-90,-92,-102,-108,-110.7,78,15472,-8666,"2016-11-17 16:55:06.976","yaw 100-2"
58092,151.226826305284,-33.930946675106,9.30000019073486,-0.100000001490116,0.0,-0.300000011920929,-96,-101,-101,-100,-90,-92,-102,-108,-92.4,78,15404,-9683,"2016-11-17 16:55:07.078","yaw 100-2"
58093,151.226826305284,-33.930946675106,9.30000019073486,-0.100000001490116,0.0,-0.300000011920929,-96,-101,-101,-100,-90,-92,-102,-108,-92.4,78,15404,-9683,"2016-11-17 16:55:07.178","yaw 100-2"
58094,151.226826646838,-33.9309469625372,9.19999980926514,0.0,0.0,-0.200000002980232,-101,-102,-94,-100,-82,-100,-102,-108,-82.9,78,15404,-9683,"2016-11-17 16:55:07.289","yaw 100-2"
58095,151.226826614197,-33.9309469732846,9.19999980926514,0.0,0.0,-0.200000002980232,-101,-102,-94,-100,-82,-100,-102,-108,-73.3,78,15404,-9683,"2016-11-17 16:55:07.378","yaw 100-2"
58096,151.2268271735,-33.9309472099549,9.19999980926514,0.0,0.0,-0.200000002980232,-101,-102,-94,-100,-82,-100,-102,-108,-63.7,78,15404,-9683,"2016-11-17 16:55:07.477","yaw 100-2"
58097,151.226827086155,-33.930947123559,9.19999980926514,0.100000001490116,0.0,-0.300000011920929,-101,-102,-94,-100,-82,-100,-102,-108,-54.0,78,15404,-9683,"2016-11-17 16:55:07.578","yaw 100-2"
58098,151.22682724811,-33.930947242397,9.19999980926514,0.0,0.0,-0.300000011920929,-101,-102,-94,-100,-82,-100,-102,-108,-44.3,78,15404,-9683,"2016-11-17 16:55:07.678","yaw 100-2"
58099,151.22682766111,-33.9309476126061,9.30000019073486,0.0,0.0,-0.300000011920929,-101,-102,-94,-100,-82,-100,-102,-108,-24.3,78,15404,-9683,"2016-11-17 16:55:07.778","yaw 100-2"
58100,151.22682766111,-33.9309476126061,9.30000019073486,0.0,0.0,-0.300000011920929,-101,-102,-94,-100,-82,-100,-102,-108,-24.3,78,15404,-9683,"2016-11-17 16:55:07.879","yaw 100-2"
58101,151.226827654066,-33.9309476463919,9.30000019073486,-0.100000001490116,0.0,-0.300000011920929,-101,-102,-94,-100,-82,-100,-102,-108,-14.6,78,15404,-9683,"2016-11-17 16:55:07.979","yaw 100-2"
58102,151.226827671981,-33.930948190371,9.30000019073486,-0.100000001490116,0.0,-0.300000011920929,-101,-102,-94,-100,-82,-100,-102,-108,-5.1,78,15390,-9932,"2016-11-17 16:55:08.085","yaw 100-2"
58103,151.226827611656,-33.9309482785315,9.30000019073486,-0.100000001490116,-0.100000001490116,-0.300000011920929,-101,-102,-94,-100,-82,-100,-102,-108,4.3,78,15390,-9932,"2016-11-17 16:55:08.194","yaw 100-2"
58104,151.226827358259,-33.9309486427589,9.30000019073486,-0.100000001490116,-0.100000001490116,-0.200000002980232,-95,-100,-100,-98,-101,-101,-103,-108,14.0,78,15390,-9932,"2016-11-17 16:55:08.285","yaw 100-2"
58105,151.226826990685,-33.930948913726,9.30000019073486,-0.100000001490116,-0.100000001490116,-0.300000011920929,-95,-100,-100,-98,-101,-101,-103,-108,24.0,78,15390,-9932,"2016-11-17 16:55:08.386","yaw 100-2"
58106,151.226826436948,-33.9309491426082,9.30000019073486,-0.100000001490116,-0.100000001490116,-0.200000002980232,-95,-100,-100,-98,-101,-101,-103,-108,44.7,78,15390,-9932,"2016-11-17 16:55:08.484","yaw 100-2"
58107,151.226826436948,-33.9309491426082,9.30000019073486,-0.100000001490116,-0.100000001490116,-0.200000002980232,-95,-100,-100,-98,-101,-101,-103,-108,44.7,78,15390,-9932,"2016-11-17 16:55:08.585","yaw 100-2"
58108,151.226825834563,-33.9309493141535,9.30000019073486,-0.100000001490116,-0.200000002980232,-0.200000002980232,-95,-100,-100,-98,-101,-101,-103,-108,55.6,78,15390,-9932,"2016-11-17 16:55:08.688","yaw 100-2"
58109,151.226825403251,-33.9309495208889,9.30000019073486,-0.200000002980232,-0.200000002980232,-0.200000002980232,-95,-100,-100,-98,-101,-101,-103,-108,66.8,78,15390,-9932,"2016-11-17 16:55:08.785","yaw 100-2"
58110,151.226824880295,-33.9309496939091,9.30000019073486,-0.200000002980232,-0.300000011920929,-0.100000001490116,-95,-100,-100,-98,-101,-101,-103,-108,77.5,78,15390,-9932,"2016-11-17 16:55:08.886","yaw 100-2"
58111,151.226824518923,-33.9309498967144,9.30000019073486,-0.200000002980232,-0.300000011920929,-0.200000002980232,-95,-100,-100,-98,-101,-101,-103,-108,87.7,78,15390,-9932,"2016-11-17 16:55:08.986","yaw 100-2"
58112,151.226823733809,-33.9309498627223,9.30000019073486,-0.200000002980232,-0.300000011920929,-0.200000002980232,-95,-100,-100,-98,-101,-101,-103,-108,97.6,77,15435,-8814,"2016-11-17 16:55:09.085","yaw 100-2"
58113,151.22682295753,-33.9309500617606,9.30000019073486,-0.100000001490116,-0.300000011920929,-0.200000002980232,-95,-100,-100,-98,-101,-101,-103,-108,116.9,77,15435,-8814,"2016-11-17 16:55:09.199","yaw 100-2"
58114,151.22682295753,-33.9309500617606,9.30000019073486,-0.100000001490116,-0.300000011920929,-0.200000002980232,-100,-101,-97,-99,-100,-99,-102,-108,116.9,77,15435,-8814,"2016-11-17 16:55:09.286","yaw 100-2"
58115,151.226822443857,-33.9309500124576,9.30000019073486,-0.100000001490116,-0.300000011920929,-0.100000001490116,-100,-101,-97,-99,-100,-99,-102,-108,126.8,77,15435,-8814,"2016-11-17 16:55:09.387","yaw 100-2"
58116,151.226822093821,-33.9309498563281,9.39999961853027,-0.100000001490116,-0.300000011920929,-0.100000001490116,-100,-101,-97,-99,-100,-99,-102,-108,136.8,77,15435,-8814,"2016-11-17 16:55:09.487","yaw 100-2"
58117,151.226821764035,-33.9309499636594,9.39999961853027,-0.100000001490116,-0.200000002980232,-0.100000001490116,-100,-101,-97,-99,-100,-99,-102,-108,147.0,77,15435,-8814,"2016-11-17 16:55:09.587","yaw 100-2"
58118,151.226821461977,-33.9309494796178,9.39999961853027,-0.100000001490116,-0.200000002980232,0.0,-100,-101,-97,-99,-100,-99,-102,-108,157.3,77,15435,-8814,"2016-11-17 16:55:09.688","yaw 100-2"
58119,151.22682122185,-33.9309496244901,9.39999961853027,-0.100000001490116,-0.100000001490116,0.0,-100,-101,-97,-99,-100,-99,-102,-108,167.4,77,15435,-8814,"2016-11-17 16:55:09.788","yaw 100-2"
58120,151.22682126959,-33.9309495166232,9.39999961853027,-0.100000001490116,-0.100000001490116,0.0,-100,-101,-97,-99,-100,-99,-102,-108,177.7,77,15435,-8814,"2016-11-17 16:55:09.888","yaw 100-2"
58121,151.226821191476,-33.9309493171662,9.39999961853027,-0.100000001490116,0.0,-0.100000001490116,-100,-101,-97,-99,-100,-99,-102,-108,-171.7,77,15435,-8814,"2016-11-17 16:55:09.988","yaw 100-2"
58122,151.226821465302,-33.9309492136138,9.30000019073486,0.0,0.0,0.0,-100,-101,-97,-99,-100,-99,-102,-108,-161.1,77,15527,-7311,"2016-11-17 16:55:10.088","yaw 100-2"
58123,151.226821487426,-33.9309492883172,9.30000019073486,-0.100000001490116,0.0,0.0,-100,-101,-97,-99,-100,-99,-102,-108,-150.7,77,15527,-7311,"2016-11-17 16:55:10.188","yaw 100-2"
58124,151.226821989044,-33.9309488386187,9.30000019073486,0.0,0.0,-0.100000001490116,-98,-102,-100,-100,-101,-98,-102,-108,-140.1,77,15527,-7311,"2016-11-17 16:55:10.288","yaw 100-2"
58125,151.226821875301,-33.9309488035844,9.30000019073486,0.0,0.0,-0.100000001490116,-98,-102,-100,-100,-101,-98,-102,-108,-129.5,77,15527,-7311,"2016-11-17 16:55:10.389","yaw 100-2"
58126,151.226821875301,-33.9309488035844,9.30000019073486,0.0,0.0,-0.100000001490116,-98,-102,-100,-100,-101,-98,-102,-108,-129.5,77,15527,-7311,"2016-11-17 16:55:10.488","yaw 100-2"
58127,151.226822615457,-33.9309486632082,9.19999980926514,0.0,-0.100000001490116,0.0,-98,-102,-100,-100,-101,-98,-102,-108,-109.0,77,15527,-7311,"2016-11-17 16:55:10.588","yaw 100-2"
58128,151.226822782939,-33.930948642761,9.19999980926514,0.0,-0.100000001490116,-0.200000002980232,-98,-102,-100,-100,-101,-98,-102,-108,-89.3,77,15527,-7311,"2016-11-17 16:55:10.689","yaw 100-2"
58129,151.226822782939,-33.930948642761,9.19999980926514,0.0,-0.100000001490116,-0.200000002980232,-98,-102,-100,-100,-101,-98,-102,-108,-89.3,77,15527,-7311,"2016-11-17 16:55:10.790","yaw 100-2"
58130,151.226823623678,-33.9309487644917,9.19999980926514,0.0,0.0,-0.200000002980232,-98,-102,-100,-100,-101,-98,-102,-108,-79.6,77,15527,-7311,"2016-11-17 16:55:10.888","yaw 100-2"
58131,151.226823511719,-33.9309487423635,9.19999980926514,0.0,0.0,-0.200000002980232,-98,-102,-100,-100,-101,-98,-102,-108,-70.1,77,15527,-7311,"2016-11-17 16:55:10.989","yaw 100-2"
58132,151.226823615957,-33.9309489052937,9.30000019073486,0.0,0.0,-0.200000002980232,-98,-102,-100,-100,-101,-98,-102,-108,-60.6,77,15554,-7188,"2016-11-17 16:55:11.091","yaw 100-2"
58133,151.226824087351,-33.930949008133,9.30000019073486,0.0,0.0,-0.200000002980232,-98,-102,-100,-100,-101,-98,-102,-108,-51.0,77,15554,-7188,"2016-11-17 16:55:11.190","yaw 100-2"
58134,151.226824357743,-33.9309491732644,9.30000019073486,0.0,0.0,-0.200000002980232,-101,-101,-95,-101,-100,-89,-103,-108,-41.5,77,15554,-7188,"2016-11-17 16:55:11.293","yaw 100-2"
58135,151.226824308784,-33.9309491295473,9.30000019073486,0.0,0.0,-0.200000002980232,-101,-101,-95,-101,-100,-89,-103,-108,-31.8,77,15554,-7188,"2016-11-17 16:55:11.394","yaw 100-2"
58136,151.226824636527,-33.930949450611,9.39999961853027,0.0,0.0,-0.200000002980232,-101,-101,-95,-101,-100,-89,-103,-108,-21.8,77,15554,-7188,"2016-11-17 16:55:11.494","yaw 100-2"
58137,151.226824573285,-33.9309494051012,9.39999961853027,0.0,0.0,-0.100000001490116,-101,-101,-95,-101,-100,-89,-103,-108,-11.9,77,15554,-7188,"2016-11-17 16:55:11.595","yaw 100-2"
58138,151.226824516597,-33.9309498070567,9.39999961853027,-0.100000001490116,0.0,0.0,-101,-101,-95,-101,-100,-89,-103,-108,7.6,77,15554,-7188,"2016-11-17 16:55:11.695","yaw 100-2"
58139,151.226824419435,-33.9309505058397,9.39999961853027,-0.300000011920929,-0.100000001490116,-0.100000001490116,-101,-101,-95,-101,-100,-89,-103,-108,17.6,77,15554,-7188,"2016-11-17 16:55:11.795","yaw 100-2"
58140,151.226824419435,-33.9309505058397,9.39999961853027,-0.300000011920929,-0.100000001490116,-0.100000001490116,-101,-101,-95,-101,-100,-89,-103,-108,17.6,77,15554,-7188,"2016-11-17 16:55:11.895","yaw 100-2"
58141,151.226824303034,-33.9309508069587,9.39999961853027,-0.300000011920929,-0.100000001490116,-0.100000001490116,-101,-101,-95,-101,-100,-89,-103,-108,28.2,77,15554,-7188,"2016-11-17 16:55:11.995","yaw 100-2"
58142,151.226823975819,-33.9309512436925,9.39999961853027,-0.300000011920929,-0.100000001490116,-0.100000001490116,-101,-101,-95,-101,-100,-89,-103,-108,39.0,77,15501,-8173,"2016-11-17 16:55:12.099","yaw 100-2"
58143,151.22682373069,-33.9309518070344,9.5,-0.300000011920929,-0.100000001490116,-0.100000001490116,-101,-101,-95,-101,-100,-89,-103,-108,49.9,77,15501,-8173,"2016-11-17 16:55:12.196","yaw 100-2"
58144,151.226823264084,-33.9309520989395,9.5,-0.300000011920929,-0.200000002980232,-0.100000001490116,-100,-102,-98,-100,-89,-97,-102,-108,60.7,77,15501,-8173,"2016-11-17 16:55:12.296","yaw 100-2"
58145,151.226823002454,-33.9309523876807,9.5,-0.300000011920929,-0.200000002980232,0.0,-100,-102,-98,-100,-89,-97,-102,-108,71.3,77,15501,-8173,"2016-11-17 16:55:12.395","yaw 100-2"
58146,151.22682228893,-33.9309527042384,9.5,-0.200000002980232,-0.300000011920929,-0.100000001490116,-100,-102,-98,-100,-89,-97,-102,-108,81.3,77,15501,-8173,"2016-11-17 16:55:12.496","yaw 100-2"
58147,151.226821427539,-33.9309529579521,9.39999961853027,-0.100000001490116,-0.400000005960464,0.0,-100,-102,-98,-100,-89,-97,-102,-108,101.0,77,15501,-8173,"2016-11-17 16:55:12.597","yaw 100-2"
58148,151.226820714658,-33.9309530474361,9.39999961853027,-0.100000001490116,-0.400000005960464,-0.100000001490116,-100,-102,-98,-100,-89,-97,-102,-108,110.3,77,15501,-8173,"2016-11-17 16:55:12.698","yaw 100-2"
58149,151.226820714658,-33.9309530474361,9.39999961853027,-0.100000001490116,-0.400000005960464,-0.100000001490116,-100,-102,-98,-100,-89,-97,-102,-108,110.3,77,15501,-8173,"2016-11-17 16:55:12.797","yaw 100-2"
58150,151.22682009842,-33.9309529405167,9.39999961853027,0.0,-0.400000005960464,-0.200000002980232,-100,-102,-98,-100,-89,-97,-102,-108,119.8,77,15501,-8173,"2016-11-17 16:55:12.897","yaw 100-2"
58151,151.22681955938,-33.9309529913542,9.5,0.0,-0.400000005960464,-0.200000002980232,-100,-102,-98,-100,-89,-97,-102,-108,129.2,77,15501,-8173,"2016-11-17 16:55:12.997","yaw 100-2"
58152,151.226818273032,-33.9309525375824,9.60000038146973,0.0,-0.400000005960464,-0.100000001490116,-100,-102,-98,-100,-89,-97,-102,-108,148.2,77,15486,-8335,"2016-11-17 16:55:13.097","yaw 100-2"
58153,151.226818273032,-33.9309525375824,9.60000038146973,0.0,-0.400000005960464,-0.100000001490116,-100,-102,-98,-100,-89,-97,-102,-108,148.2,77,15486,-8335,"2016-11-17 16:55:13.198","yaw 100-2"
58154,151.226817766281,-33.9309521109191,9.60000038146973,0.100000001490116,-0.400000005960464,0.0,-97,-102,-100,-100,-99,-101,-100,-108,158.0,77,15486,-8335,"2016-11-17 16:55:13.306","yaw 100-2"
58155,151.226817766281,-33.9309521109191,9.60000038146973,0.100000001490116,-0.400000005960464,0.0,-97,-102,-100,-100,-99,-101,-100,-108,158.0,77,15486,-8335,"2016-11-17 16:55:13.400","yaw 100-2"
58156,151.226817094213,-33.9309512425229,9.69999980926514,0.100000001490116,-0.300000011920929,0.0,-97,-102,-100,-100,-99,-101,-100,-108,178.1,77,15486,-8335,"2016-11-17 16:55:13.501","yaw 100-2"
58157,151.226816747433,-33.930951116569,9.69999980926514,0.100000001490116,-0.200000002980232,0.0,-97,-102,-100,-100,-99,-101,-100,-108,-171.4,77,15486,-8335,"2016-11-17 16:55:13.612","yaw 100-2"
58158,151.226816746989,-33.9309506010271,9.69999980926514,0.0,-0.200000002980232,0.0,-97,-102,-100,-100,-99,-101,-100,-108,-161.0,77,15486,-8335,"2016-11-17 16:55:13.700","yaw 100-2"
58159,151.22681653023,-33.9309505343086,9.80000019073486,0.0,-0.100000001490116,0.0,-97,-102,-100,-100,-99,-101,-100,-108,-150.6,77,15486,-8335,"2016-11-17 16:55:13.800","yaw 100-2"
58160,151.226816820899,-33.9309502915035,9.80000019073486,0.0,0.0,0.0,-97,-102,-100,-100,-99,-101,-100,-108,-140.0,77,15486,-8335,"2016-11-17 16:55:13.902","yaw 100-2"
