"","id","Longitude","Latitude","Altitude","VelocityX","VelocityY","VelocityZ","DroneHeading","Battery","Voltage","Current","Date","Method","VelocitySolid","Power","Velocity"
"17",8770,151.22672380059,-33.9313611922002,6.69999980926514,0,0,-3,-171.7,83,14898,-12830,"2016-08-29 13:24:44","3 ms final",3,191.14134,3
"27",8780,151.226822688055,-33.931373672493,10.1999998092651,-0.400000005960464,3,0,98.8,83,15082,-11420,"2016-08-29 13:24:54","3 ms final",3,172.23644,3.02654919087207
"28",8781,151.226854831474,-33.9313767667176,10.1999998092651,-0.400000005960464,3,0,98.6,83,15102,-10428,"2016-08-29 13:24:55","3 ms final",3,157.483656,3.02654919087207
"33",8786,151.227023195753,-33.931397020915,10.1999998092651,-0.400000005960464,3,0,98.9,83,15088,-10412,"2016-08-29 13:25:00","3 ms final",3,157.096256,3.02654919087207
"42",8795,151.227310540478,-33.9314330158577,10.1999998092651,-0.400000005960464,3,0,99.2,83,15072,-10218,"2016-08-29 13:25:09","3 ms final",3,154.005696,3.02654919087207
"43",8796,151.227343973295,-33.9314370618136,10.1000003814697,-0.400000005960464,3,0,99.2,83,15085,-9884,"2016-08-29 13:25:10","3 ms final",3,149.10014,3.02654919087207
"62",8815,151.227952591579,-33.9315147646408,10,-0.400000005960464,3,0,99,82,14983,-10395,"2016-08-29 13:25:29","3 ms final",3,155.748285,3.02654919087207
"63",8816,151.227985159673,-33.9315186043145,10,-0.300000011920929,3,0,98.9,82,14985,-10442,"2016-08-29 13:25:30","3 ms final",3,156.47337,3.01496268752244
"69",8822,151.228178069663,-33.9315431230961,10,-0.400000005960464,3,0,99.1,81,14956,-10656,"2016-08-29 13:25:36","3 ms final",3,159.371136,3.02654919087207
"70",8823,151.228210861371,-33.9315471722036,10,-0.400000005960464,3,0,99,81,14958,-10557,"2016-08-29 13:25:37","3 ms final",3,157.911606,3.02654919087207
"76",8829,151.228405606146,-33.9315709259472,9.89999961853027,-0.400000005960464,3,0,99.3,81,15003,-10308,"2016-08-29 13:25:43","3 ms final",3,154.650924,3.02654919087207
"118",8871,151.228742479596,-33.9316132982081,10.1000003814697,0.400000005960464,-3,0,-81.4,78,15135,-8979,"2016-08-29 13:26:25","3 ms final",3,135.897165,3.02654919087207
"120",8873,151.22867787169,-33.9316054570106,10,0.400000005960464,-3,0,-82,77,15106,-9301,"2016-08-29 13:26:27","3 ms final",3,140.500906,3.02654919087207
"128",8881,151.22842202162,-33.9315735346946,9.89999961853027,0.400000005960464,-3,0,-81.5,77,15116,-9244,"2016-08-29 13:26:35","3 ms final",3,139.732304,3.02654919087207
"133",8886,151.228262287143,-33.9315541643275,9.89999961853027,0.300000011920929,-3,0,-80.6,77,15149,-8864,"2016-08-29 13:26:40","3 ms final",3,134.280736,3.01496268752244
"134",8887,151.228229609854,-33.9315509364953,10,0.300000011920929,-3,0,-81.2,77,15106,-9144,"2016-08-29 13:26:41","3 ms final",3,138.129264,3.01496268752244
"173",8926,151.226975724986,-33.9313988258864,9.89999961853027,0.400000005960464,-3,0,-80.8,74,15043,-9752,"2016-08-29 13:27:20","3 ms final",3,146.699336,3.02654919087207
"194",8947,151.22672647511,-33.9313560664406,5.09999990463257,0,0,-3,14.8,69,15258,-11342,"2016-08-29 13:29:10","4 ms final",4,173.056236,3
"195",8948,151.226725920664,-33.9313559456892,8.19999980926514,0,-0.100000001490116,-3,14.2,69,15258,-11342,"2016-08-29 13:29:11","4 ms final",4,173.056236,3.00166620401037
"204",8957,151.226836735865,-33.9313728077433,9.80000019073486,-0.699999988079071,3.90000009536743,0,96.2,69,15025,-11165,"2016-08-29 13:29:20","4 ms final",4,167.754125,3.96232264299321
"206",8959,151.226926333646,-33.9313851223684,9.80000019073486,-0.699999988079071,3.90000009536743,-0.100000001490116,96.2,69,15073,-9951,"2016-08-29 13:29:22","4 ms final",4,149.991423,3.96358432829108
"210",8963,151.227100914714,-33.9314087267209,9.89999961853027,-0.5,4,0,96.5,69,15058,-10117,"2016-08-29 13:29:26","4 ms final",4,152.341786,4.03112887414927
"212",8965,151.227186457159,-33.9314205059205,10,-0.699999988079071,3.90000009536743,0,96,69,15060,-9791,"2016-08-29 13:29:28","4 ms final",4,147.45246,3.96232264299321
"213",8966,151.227229340866,-33.9314269781857,10,-0.699999988079071,3.90000009536743,0,96.1,69,15050,-9737,"2016-08-29 13:29:29","4 ms final",4,146.54185,3.96232264299321
"221",8974,151.227571489291,-33.9314755455102,10.1000003814697,-0.699999988079071,3.90000009536743,0.100000001490116,95.8,69,15057,-9341,"2016-08-29 13:29:37","4 ms final",4,140.647437,3.96358432829108
"227",8980,151.227828449064,-33.9315103628359,9.80000019073486,-0.699999988079071,3.90000009536743,0,96,68,14983,-10308,"2016-08-29 13:29:43","4 ms final",4,154.444764,3.96232264299321
"228",8981,151.227871183122,-33.9315167490789,9.89999961853027,-0.699999988079071,3.90000009536743,0,95.9,68,15000,-10210,"2016-08-29 13:29:44","4 ms final",4,153.15,3.96232264299321
"231",8984,151.227998909887,-33.9315349462532,10,-0.699999988079071,3.90000009536743,0,95.6,68,14974,-10080,"2016-08-29 13:29:47","4 ms final",4,150.93792,3.96232264299321
"252",9005,151.228893365048,-33.931662641952,9.89999961853027,-0.699999988079071,3.90000009536743,0,95.8,67,14915,-10306,"2016-08-29 13:30:08","4 ms final",4,153.71399,3.96232264299321
"255",9008,151.229023015441,-33.9316799467429,9.89999961853027,-0.699999988079071,3.90000009536743,0,95.9,67,14920,-10088,"2016-08-29 13:30:11","4 ms final",4,150.51296,3.96232264299321
"266",9019,151.229058405111,-33.9316881227536,9.69999980926514,0.899999976158142,-3.90000009536743,-0.100000001490116,-82,66,14850,-10777,"2016-08-29 13:30:22","4 ms final",4,160.03845,4.00374833140754
"267",9020,151.229014913225,-33.9316803764169,9.69999980926514,0.899999976158142,-3.90000009536743,-0.100000001490116,-80.2,66,14842,-10991,"2016-08-29 13:30:23","4 ms final",4,163.128422,4.00374833140754
"270",9023,151.228884961863,-33.9316585680694,10,0.699999988079071,-3.90000009536743,0,-79.9,66,14944,-9383,"2016-08-29 13:30:26","4 ms final",4,140.219552,3.96232264299321
"278",9031,151.228541629859,-33.9316100379376,10,0.699999988079071,-3.90000009536743,0,-80.6,66,14969,-8937,"2016-08-29 13:30:34","4 ms final",4,133.777953,3.96232264299321
"285",9038,151.228241095597,-33.9315696747933,9.89999961853027,0.699999988079071,-3.90000009536743,0,-80.4,65,14939,-9589,"2016-08-29 13:30:41","4 ms final",4,143.250071,3.96232264299321
"302",9055,151.227515369777,-33.9314663825051,10,0.699999988079071,-3.90000009536743,0,-80.4,64,14940,-9304,"2016-08-29 13:30:58","4 ms final",4,139.00176,3.96232264299321
"305",9058,151.227387971328,-33.9314482395109,10,0.699999988079071,-3.90000009536743,0,-80.2,64,14907,-9558,"2016-08-29 13:31:01","4 ms final",4,142.481106,3.96232264299321
"306",9059,151.227345636237,-33.9314415211291,10,0.699999988079071,-3.90000009536743,0,-80.1,64,14888,-9729,"2016-08-29 13:31:02","4 ms final",4,144.845352,3.96232264299321
"312",9065,151.227090825849,-33.9314047542212,10,0.699999988079071,-3.90000009536743,0,-80.8,64,14902,-9443,"2016-08-29 13:31:08","4 ms final",4,140.719586,3.96232264299321
"313",9066,151.227048349005,-33.9313980769805,10,0.699999988079071,-3.90000009536743,0,-80.6,64,14883,-9929,"2016-08-29 13:31:09","4 ms final",4,147.773307,3.96232264299321
"314",9067,151.227005184161,-33.9313922271288,10,0.5,-4,0,-79.6,64,14882,-9777,"2016-08-29 13:31:10","4 ms final",4,145.501314,4.03112887414927
"319",9072,151.226790022084,-33.9313646161824,9.89999961853027,0.5,-4,0,-79.7,63,14900,-9661,"2016-08-29 13:31:15","4 ms final",4,143.9489,4.03112887414927
"348",9101,151.226847153538,-33.9313727346009,10.1999998092651,-0.899999976158142,4.90000009536743,0,99.3,58,14814,-11069,"2016-08-29 13:33:21","5 ms final",5,163.976166,4.98196757232376
"349",9102,151.226899922209,-33.9313803764189,10.1999998092651,-1.10000002384186,4.90000009536743,0,99.6,58,14834,-10608,"2016-08-29 13:33:22","5 ms final",5,157.359072,5.02195191006972
"350",9103,151.226953488784,-33.9313907682173,10.1999998092651,-1.10000002384186,4.90000009536743,0,99.3,57,14814,-10535,"2016-08-29 13:33:23","5 ms final",5,156.06549,5.02195191006972
"351",9104,151.227006536612,-33.9314001106837,10.1999998092651,-1,4.90000009536743,0,99.7,57,14823,-10657,"2016-08-29 13:33:24","5 ms final",5,157.968711,5.00099999346139
"356",9109,151.227273518956,-33.9314460165268,10.1999998092651,-0.899999976158142,4.90000009536743,0,99.7,57,14818,-10189,"2016-08-29 13:33:29","5 ms final",5,150.980602,4.98196757232376
"357",9110,151.227327300596,-33.9314548509828,10.1999998092651,-0.899999976158142,4.90000009536743,0,99.4,57,14820,-10061,"2016-08-29 13:33:30","5 ms final",5,149.10402,4.98196757232376
"358",9111,151.227380833192,-33.9314642502492,10.1999998092651,-1,4.90000009536743,0,99.5,57,14824,-10288,"2016-08-29 13:33:31","5 ms final",5,152.509312,5.00099999346139
"360",9113,151.227486932612,-33.9314826030451,10.1999998092651,-1,4.90000009536743,0,99.8,57,14812,-10519,"2016-08-29 13:33:33","5 ms final",5,155.807428,5.00099999346139
"361",9114,151.227540213784,-33.9314917343075,10.1000003814697,-0.899999976158142,4.90000009536743,0,99.5,57,14803,-10302,"2016-08-29 13:33:34","5 ms final",5,152.500506,4.98196757232376
"362",9115,151.227593086365,-33.9315003032959,10.1000003814697,-0.899999976158142,4.90000009536743,0,99.8,57,14791,-10572,"2016-08-29 13:33:35","5 ms final",5,156.370452,4.98196757232376
"363",9116,151.227646157956,-33.931509023575,10,-0.899999976158142,4.90000009536743,0,99.1,57,14773,-10715,"2016-08-29 13:33:36","5 ms final",5,158.292695,4.98196757232376
"364",9117,151.227699012969,-33.9315177268796,10.1000003814697,-0.899999976158142,4.90000009536743,0,99.5,57,14787,-10575,"2016-08-29 13:33:37","5 ms final",5,156.372525,4.98196757232376
"365",9118,151.227752168003,-33.9315271388757,10.1999998092651,-1,4.90000009536743,0,100.1,57,14816,-9771,"2016-08-29 13:33:38","5 ms final",5,144.767136,5.00099999346139
"366",9119,151.227805865716,-33.9315363307364,10.1000003814697,-0.899999976158142,4.90000009536743,0,99.8,57,14826,-9726,"2016-08-29 13:33:39","5 ms final",5,144.197676,4.98196757232376
"367",9120,151.227859114127,-33.9315449750564,10.1000003814697,-0.899999976158142,4.90000009536743,0,99.5,57,14826,-9726,"2016-08-29 13:33:40","5 ms final",5,144.197676,4.98196757232376
"369",9122,151.227964729873,-33.9315627001677,10.1000003814697,-0.899999976158142,4.90000009536743,0,99.4,57,14800,-10091,"2016-08-29 13:33:42","5 ms final",5,149.3468,4.98196757232376
"370",9123,151.22801769919,-33.9315714400389,10,-0.899999976158142,4.90000009536743,0,99.6,57,14805,-9953,"2016-08-29 13:33:43","5 ms final",5,147.354165,4.98196757232376
"371",9124,151.228070976735,-33.931579796531,10.1000003814697,-0.899999976158142,4.90000009536743,0,99.9,57,14806,-9894,"2016-08-29 13:33:44","5 ms final",5,146.490564,4.98196757232376
"372",9125,151.22812462606,-33.9315887635906,10.1000003814697,-0.899999976158142,4.90000009536743,0,99.5,57,14801,-9863,"2016-08-29 13:33:45","5 ms final",5,145.982263,4.98196757232376
"373",9126,151.228177994004,-33.9315978504091,10,-1,4.90000009536743,0,99.8,57,14787,-10081,"2016-08-29 13:33:46","5 ms final",5,149.067747,5.00099999346139
"374",9127,151.228231790111,-33.9316071745209,10,-0.899999976158142,4.90000009536743,0,99.6,57,14785,-10078,"2016-08-29 13:33:47","5 ms final",5,149.00323,4.98196757232376
"375",9128,151.228285358047,-33.9316159740894,10.1000003814697,-0.899999976158142,4.90000009536743,0,99.8,56,14785,-10036,"2016-08-29 13:33:48","5 ms final",5,148.38226,4.98196757232376
"376",9129,151.228338798361,-33.9316247205591,10.1000003814697,-0.899999976158142,4.90000009536743,0,99.6,56,14778,-10111,"2016-08-29 13:33:49","5 ms final",5,149.420358,4.98196757232376
"380",9133,151.228544066054,-33.9316581983024,9.89999961853027,-0.899999976158142,4.90000009536743,0,99.7,56,14746,-10547,"2016-08-29 13:33:53","5 ms final",5,155.526062,4.98196757232376
"381",9134,151.22860278796,-33.9316679279253,10,-1.10000002384186,4.90000009536743,0,99.6,56,14731,-10945,"2016-08-29 13:33:54","5 ms final",5,161.230795,5.02195191006972
"383",9136,151.228708511405,-33.931687183052,10,-1.10000002384186,4.90000009536743,0,99.6,56,14731,-10898,"2016-08-29 13:33:56","5 ms final",5,160.538438,5.02195191006972
"384",9137,151.228762048922,-33.9316960800505,10,-0.899999976158142,4.90000009536743,0,99.3,56,14746,-10297,"2016-08-29 13:33:57","5 ms final",5,151.839562,4.98196757232376
"390",9143,151.229079028345,-33.9317497138353,10.1000003814697,-1.10000002384186,4.90000009536743,0,99,56,14753,-10398,"2016-08-29 13:34:03","5 ms final",5,153.401694,5.02195191006972
"391",9144,151.229124320608,-33.9317580813499,10,-0.699999988079071,2.90000009536743,0,98.8,56,14754,-10278,"2016-08-29 13:34:04","5 ms final",5,151.641612,2.98328686794311
"399",9152,151.229099794235,-33.931755322278,10.1000003814697,0.800000011920929,-2.90000009536743,0,-79.8,55,14667,-11255,"2016-08-29 13:34:12","5 ms final",5,165.077085,3.00832188640188
"402",9155,151.228945622508,-33.9317257051355,9.89999961853027,1.10000002384186,-4.90000009536743,-0.100000001490116,-78.1,55,14696,-10687,"2016-08-29 13:34:15","5 ms final",5,157.056152,5.02294744023377
"403",9156,151.228892077548,-33.931716581758,10,1.10000002384186,-4.90000009536743,0,-78.2,55,14728,-10186,"2016-08-29 13:34:16","5 ms final",5,150.019408,5.02195191006972
"404",9157,151.228838264425,-33.9317071967046,10,1,-4.90000009536743,0,-78,55,14728,-10186,"2016-08-29 13:34:17","5 ms final",5,150.019408,5.00099999346139
"405",9158,151.228784717874,-33.9316986394758,10,1,-4.90000009536743,0,-78.2,55,14801,-8882,"2016-08-29 13:34:18","5 ms final",5,131.462482,5.00099999346139
"406",9159,151.228731424865,-33.9316900227901,10.1000003814697,1,-4.90000009536743,0,-78.1,55,14812,-8838,"2016-08-29 13:34:19","5 ms final",5,130.908456,5.00099999346139
"407",9160,151.228677924479,-33.931680717094,10.1000003814697,1,-4.90000009536743,0,-78.2,55,14812,-8838,"2016-08-29 13:34:20","5 ms final",5,130.908456,5.00099999346139
"408",9161,151.228624809469,-33.9316715104631,10.1000003814697,1,-4.90000009536743,0.100000001490116,-78.2,55,14798,-8703,"2016-08-29 13:34:21","5 ms final",5,128.786994,5.00199969361243
"409",9162,151.228571932907,-33.9316622948066,10.1000003814697,1,-4.90000009536743,0,-78.5,55,14816,-8739,"2016-08-29 13:34:22","5 ms final",5,129.477024,5.00099999346139
"410",9163,151.228518729686,-33.9316535169775,10.1000003814697,1,-4.90000009536743,0,-78.4,55,14804,-8715,"2016-08-29 13:34:23","5 ms final",5,129.01686,5.00099999346139
"411",9164,151.228465377033,-33.9316450104224,10.1000003814697,1,-4.90000009536743,0,-78.5,55,14768,-9752,"2016-08-29 13:34:24","5 ms final",5,144.017536,5.00099999346139
"412",9165,151.22841206103,-33.9316363365396,10,1,-4.90000009536743,0,-78.4,55,14776,-9094,"2016-08-29 13:34:25","5 ms final",5,134.372944,5.00099999346139
"413",9166,151.228358896021,-33.9316270238882,10,1,-4.90000009536743,0,-78.4,54,14818,-8748,"2016-08-29 13:34:26","5 ms final",5,129.627864,5.00099999346139
"414",9167,151.228305536785,-33.9316176702202,10,1,-4.90000009536743,0,-78.3,54,14796,-8684,"2016-08-29 13:34:27","5 ms final",5,128.488464,5.00099999346139
"415",9168,151.228252402803,-33.931608598643,9.89999961853027,1,-4.90000009536743,0,-78.4,54,14781,-9150,"2016-08-29 13:34:28","5 ms final",5,135.24615,5.00099999346139
"416",9169,151.228199284056,-33.9315999989569,10,0.899999976158142,-4.90000009536743,0,-78.4,54,14782,-9501,"2016-08-29 13:34:29","5 ms final",5,140.443782,4.98196757232376
"417",9170,151.228146428895,-33.9315915613546,10,0.899999976158142,-4.90000009536743,0,-78.3,54,14767,-9519,"2016-08-29 13:34:30","5 ms final",5,140.567073,4.98196757232376
"418",9171,151.228093189625,-33.9315832801546,10,1,-4.90000009536743,0,-78.4,54,14771,-9383,"2016-08-29 13:34:31","5 ms final",5,138.596293,5.00099999346139
"419",9172,151.2280400849,-33.9315747601032,10,1,-4.90000009536743,0,-78.6,54,14778,-9271,"2016-08-29 13:34:32","5 ms final",5,137.006838,5.00099999346139
"420",9173,151.227986641793,-33.9315657493809,9.89999961853027,1,-4.90000009536743,-0.100000001490116,-78.3,54,14749,-9774,"2016-08-29 13:34:33","5 ms final",5,144.156726,5.00199969361243
"421",9174,151.227932840978,-33.9315567886137,9.89999961853027,1,-4.90000009536743,0,-78.5,54,14749,-9774,"2016-08-29 13:34:34","5 ms final",5,144.156726,5.00099999346139
"422",9175,151.227884840866,-33.9315490889603,9.89999961853027,0.899999976158142,-4.90000009536743,0,-78.3,54,14767,-9796,"2016-08-29 13:34:35","5 ms final",5,144.657532,4.98196757232376
"423",9176,151.227826012306,-33.9315396543354,9.89999961853027,1,-4.90000009536743,0,-78.5,54,14759,-9406,"2016-08-29 13:34:36","5 ms final",5,138.823154,5.00099999346139
"424",9177,151.227772697966,-33.931530704916,9.80000019073486,1,-4.90000009536743,0,-78.2,54,14762,-9614,"2016-08-29 13:34:37","5 ms final",5,141.921868,5.00099999346139
"425",9178,151.227719679046,-33.931521126072,9.89999961853027,1,-4.90000009536743,0,-78.4,54,14785,-9240,"2016-08-29 13:34:38","5 ms final",5,136.6134,5.00099999346139
"426",9179,151.227666640557,-33.9315116787543,9.89999961853027,1,-4.90000009536743,0,-78,54,14774,-9321,"2016-08-29 13:34:39","5 ms final",5,137.708454,5.00099999346139
"427",9180,151.227613593127,-33.9315026403286,9.89999961853027,1,-4.90000009536743,0,-78.3,54,14803,-8728,"2016-08-29 13:34:40","5 ms final",5,129.200584,5.00099999346139
"428",9181,151.227560721914,-33.9314936043164,9.89999961853027,0.899999976158142,-4.90000009536743,0,-78.2,54,14759,-9513,"2016-08-29 13:34:41","5 ms final",5,140.402367,4.98196757232376
"429",9182,151.227507702333,-33.9314846171438,10,0.899999976158142,-4.90000009536743,0,-78.4,54,14745,-9608,"2016-08-29 13:34:42","5 ms final",5,141.66996,4.98196757232376
"430",9183,151.227454574547,-33.9314759700368,9.89999961853027,0.899999976158142,-4.90000009536743,0,-78.4,53,14759,-9655,"2016-08-29 13:34:43","5 ms final",5,142.498145,4.98196757232376
"432",9185,151.227349240682,-33.9314571300072,9.89999961853027,1,-4.90000009536743,0,-78.5,53,14738,-9751,"2016-08-29 13:34:45","5 ms final",5,143.710238,5.00099999346139
"433",9186,151.227295702355,-33.9314487380136,9.89999961853027,0.899999976158142,-4.90000009536743,0,-78.4,53,14734,-9608,"2016-08-29 13:34:46","5 ms final",5,141.564272,4.98196757232376
"434",9187,151.22724241173,-33.9314404948195,9.80000019073486,0.899999976158142,-4.90000009536743,0,-78.4,53,14734,-9608,"2016-08-29 13:34:47","5 ms final",5,141.564272,4.98196757232376
"435",9188,151.227189229943,-33.9314313784194,9.89999961853027,1,-4.90000009536743,0,-78.4,53,14750,-9485,"2016-08-29 13:34:48","5 ms final",5,139.90375,5.00099999346139
"438",9191,151.227030383757,-33.9314045337991,9.89999961853027,1,-4.90000009536743,0,-78.8,53,14776,-8886,"2016-08-29 13:34:51","5 ms final",5,131.299536,5.00099999346139
"439",9192,151.226976711673,-33.931396521593,9.89999961853027,0.800000011920929,-4.90000009536743,0,-77.7,53,14764,-8915,"2016-08-29 13:34:52","5 ms final",5,131.62106,4.96487673096466
"440",9193,151.226923217469,-33.9313882665456,9.89999961853027,1,-4.90000009536743,0,-78.7,53,14786,-8844,"2016-08-29 13:34:53","5 ms final",5,130.767384,5.00099999346139
"459",9212,151.226712141654,-33.9313501534822,8.80000019073486,0,0,-3,-72.9,49,14528,-15748,"2016-08-29 13:36:15","6 ms final",6,228.786944,3
"471",9224,151.226991504415,-33.9313918823581,10.1000003814697,-1.20000004768372,5.90000009536743,0,96,49,14706,-9749,"2016-08-29 13:36:27","6 ms final",6,143.368794,6.02079739235399
"474",9227,151.227185747882,-33.9314230822093,10.1999998092651,-1.10000002384186,5.90000009536743,0,96.2,48,14730,-9353,"2016-08-29 13:36:30","6 ms final",6,137.76969,6.00166653337119
"476",9229,151.227314578548,-33.9314433567358,10.1000003814697,-1,5.90000009536743,0,96.5,48,14708,-9290,"2016-08-29 13:36:32","6 ms final",6,136.63732,5.9841458141773
"477",9230,151.227379297189,-33.9314528579374,10.1000003814697,-1,5.90000009536743,0,96.6,48,14709,-9300,"2016-08-29 13:36:33","6 ms final",6,136.7937,5.9841458141773
"478",9231,151.227444167648,-33.9314625066635,10.1000003814697,-1,5.90000009536743,0.100000001490116,96.8,48,14698,-9325,"2016-08-29 13:36:34","6 ms final",6,137.05885,5.9849812970162
"479",9232,151.227508921781,-33.9314722084629,10,-1,5.90000009536743,0,96.8,48,14698,-9325,"2016-08-29 13:36:35","6 ms final",6,137.05885,5.9841458141773
"480",9233,151.22757327557,-33.9314818087132,10,-1,5.90000009536743,0,96.8,48,14689,-9580,"2016-08-29 13:36:36","6 ms final",6,140.72062,5.9841458141773
"481",9234,151.227637619257,-33.9314913598339,10.1000003814697,-1,5.90000009536743,0,96.7,48,14678,-9774,"2016-08-29 13:36:37","6 ms final",6,143.462772,5.9841458141773
"485",9238,151.227892675019,-33.9315284866808,10,-0.899999976158142,5.90000009536743,0,96.8,48,14656,-9915,"2016-08-29 13:36:41","6 ms final",6,145.31424,5.96824941523227
"486",9239,151.227956749251,-33.931537536449,10,-1,5.90000009536743,0,96.3,48,14671,-9771,"2016-08-29 13:36:42","6 ms final",6,143.350341,5.9841458141773
"487",9240,151.228020126837,-33.931547372872,10,-1,5.90000009536743,0,96.7,48,14669,-9890,"2016-08-29 13:36:43","6 ms final",6,145.07641,5.9841458141773
"488",9241,151.228084273375,-33.9315566649357,9.89999961853027,-1,5.90000009536743,0,96.4,48,14676,-9656,"2016-08-29 13:36:44","6 ms final",6,141.711456,5.9841458141773
"489",9242,151.22814782094,-33.9315658486995,9.89999961853027,-1,5.90000009536743,0,96.9,48,14657,-9788,"2016-08-29 13:36:45","6 ms final",6,143.462716,5.9841458141773
"490",9243,151.228212026207,-33.9315759392568,10,-1.10000002384186,5.90000009536743,0,96.3,48,14682,-9619,"2016-08-29 13:36:46","6 ms final",6,141.226158,6.00166653337119
"491",9244,151.228276358363,-33.931586007043,9.89999961853027,-1,5.90000009536743,0,96.6,48,14662,-9869,"2016-08-29 13:36:47","6 ms final",6,144.699278,5.9841458141773
"492",9245,151.22834058372,-33.9315957928593,9.89999961853027,-1,5.90000009536743,0,96.5,48,14651,-9936,"2016-08-29 13:36:48","6 ms final",6,145.572336,5.9841458141773
"493",9246,151.228404461126,-33.93160508666,9.89999961853027,-0.800000011920929,5.90000009536743,-0.100000001490116,96.5,48,14651,-9936,"2016-08-29 13:36:49","6 ms final",6,145.572336,5.95483006849962
"494",9247,151.228467708915,-33.9316136471345,9.89999961853027,-1,5.90000009536743,0,96.8,48,14670,-9633,"2016-08-29 13:36:50","6 ms final",6,141.31611,5.9841458141773
"495",9248,151.22853210119,-33.9316237597472,9.89999961853027,-1,5.90000009536743,0,96.3,48,14679,-9479,"2016-08-29 13:36:51","6 ms final",6,139.142241,5.9841458141773
"496",9249,151.228596440899,-33.9316335491053,9.89999961853027,-0.899999976158142,5.90000009536743,0,96.6,47,14647,-10072,"2016-08-29 13:36:52","6 ms final",6,147.524584,5.96824941523227
"497",9250,151.228660781842,-33.9316423790106,9.89999961853027,-1,5.90000009536743,0,97,47,14655,-9844,"2016-08-29 13:36:53","6 ms final",6,144.26382,5.9841458141773
"499",9252,151.228788013409,-33.9316616766394,9.89999961853027,-1,5.90000009536743,0,97,47,14638,-10207,"2016-08-29 13:36:55","6 ms final",6,149.410066,5.9841458141773
"500",9253,151.228851826457,-33.9316711674254,9.89999961853027,-1,5.90000009536743,0,97,47,14623,-10319,"2016-08-29 13:36:56","6 ms final",6,150.894737,5.9841458141773
"501",9254,151.22891572624,-33.9316806106221,9.89999961853027,-1,5.90000009536743,0,97.2,47,14627,-10218,"2016-08-29 13:36:57","6 ms final",6,149.458686,5.9841458141773
"503",9256,151.229042965701,-33.9316998992496,9.80000019073486,-1,5.90000009536743,0,96.8,47,14606,-10653,"2016-08-29 13:36:59","6 ms final",6,155.597718,5.9841458141773
"514",9267,151.229020180038,-33.9316952608586,10.1000003814697,1.39999997615814,-5.80000019073486,0,-82,47,14554,-11536,"2016-08-29 13:37:10","6 ms final",6,167.894944,5.96657373588622
"516",9269,151.228888505699,-33.9316730915871,10.1000003814697,1.20000004768372,-5.90000009536743,0.100000001490116,-79.1,46,14621,-9627,"2016-08-29 13:37:12","6 ms final",6,140.756367,6.02162778989823
"517",9270,151.228824764285,-33.9316633731825,10.1000003814697,1.20000004768372,-5.90000009536743,0,-79.2,46,14625,-9560,"2016-08-29 13:37:13","6 ms final",6,139.815,6.02079739235399
"518",9271,151.228760885279,-33.9316532170274,10.1000003814697,1.10000002384186,-5.90000009536743,0,-79.2,46,14618,-9721,"2016-08-29 13:37:14","6 ms final",6,142.101578,6.00166653337119
"519",9272,151.228696554954,-33.9316431709418,10.1000003814697,1.10000002384186,-5.90000009536743,0,-79.6,46,14600,-10016,"2016-08-29 13:37:15","6 ms final",6,146.2336,6.00166653337119
"520",9273,151.22863228823,-33.9316327516776,10.1000003814697,1.10000002384186,-5.90000009536743,0,-79.3,46,14600,-10016,"2016-08-29 13:37:16","6 ms final",6,146.2336,6.00166653337119
"521",9274,151.228568071138,-33.9316232236118,10.1000003814697,1,-5.90000009536743,0,-79.2,46,14608,-9976,"2016-08-29 13:37:17","6 ms final",6,145.729408,5.9841458141773
"523",9276,151.228438810444,-33.9316054128144,10.1000003814697,1,-5.90000009536743,0.100000001490116,-79.5,46,14616,-9825,"2016-08-29 13:37:19","6 ms final",6,143.6022,5.9849812970162
"524",9277,151.228374889577,-33.9315955200446,10.1000003814697,1.10000002384186,-5.90000009536743,0,-79.5,46,14662,-8872,"2016-08-29 13:37:20","6 ms final",6,130.081264,6.00166653337119
"525",9278,151.228310648757,-33.931585492619,10.1000003814697,1.10000002384186,-5.90000009536743,0,-79.6,46,14635,-9255,"2016-08-29 13:37:21","6 ms final",6,135.446925,6.00166653337119
"526",9279,151.228246660844,-33.9315753477934,10.1000003814697,1,-5.90000009536743,0,-79.2,46,14667,-9277,"2016-08-29 13:37:22","6 ms final",6,136.065759,5.9841458141773
"527",9280,151.228182814632,-33.9315657988769,10.1000003814697,1,-5.90000009536743,0,-79.8,46,14659,-8622,"2016-08-29 13:37:23","6 ms final",6,126.389898,5.9841458141773
"528",9281,151.22811932097,-33.9315556806027,10.1000003814697,0.899999976158142,-5.90000009536743,0,-79.2,46,14698,-8134,"2016-08-29 13:37:24","6 ms final",6,119.553532,5.96824941523227
"529",9282,151.228055183363,-33.9315465781371,10.1000003814697,0.899999976158142,-5.90000009536743,0.100000001490116,-79.9,46,14696,-8524,"2016-08-29 13:37:25","6 ms final",6,125.268704,5.96908712306315
"530",9283,151.227991106044,-33.9315377550494,10.1000003814697,0.899999976158142,-5.90000009536743,0,-79.4,46,14696,-8184,"2016-08-29 13:37:26","6 ms final",6,120.272064,5.96824941523227
"531",9284,151.227926842605,-33.9315293306658,10.1000003814697,0.899999976158142,-5.90000009536743,0,-79.7,46,14670,-8825,"2016-08-29 13:37:27","6 ms final",6,129.46275,5.96824941523227
"532",9285,151.227863257787,-33.9315192453982,10,1.10000002384186,-5.90000009536743,0,-79.8,46,14687,-8226,"2016-08-29 13:37:28","6 ms final",6,120.815262,6.00166653337119
"533",9286,151.22779948882,-33.9315094619931,10,1,-5.90000009536743,0.100000001490116,-79.4,46,14687,-8226,"2016-08-29 13:37:29","6 ms final",6,120.815262,5.9849812970162
"535",9288,151.227671953044,-33.9314901119316,10,1.10000002384186,-5.90000009536743,0,-80.1,45,14670,-9088,"2016-08-29 13:37:31","6 ms final",6,133.32096,6.00166653337119
"536",9289,151.227607386799,-33.931479960276,10,1.10000002384186,-5.90000009536743,0,-80.3,45,14643,-9161,"2016-08-29 13:37:32","6 ms final",6,134.144523,6.00166653337119
"537",9290,151.227543197373,-33.9314697089883,10,1.10000002384186,-5.90000009536743,0,-79.8,45,14677,-8790,"2016-08-29 13:37:33","6 ms final",6,129.01083,6.00166653337119
"538",9291,151.227479323902,-33.931460064016,10,0.899999976158142,-5.90000009536743,0,-79.3,45,14671,-8720,"2016-08-29 13:37:34","6 ms final",6,127.93112,5.96824941523227
"539",9292,151.22741530331,-33.9314510296321,9.89999961853027,1,-5.90000009536743,0,-80,45,14648,-9182,"2016-08-29 13:37:35","6 ms final",6,134.497936,5.9841458141773
"540",9293,151.227350958935,-33.9314411374088,10,1,-5.90000009536743,0,-79.4,45,14633,-9594,"2016-08-29 13:37:36","6 ms final",6,140.389002,5.9841458141773
"543",9296,151.22716001779,-33.9314115527962,10,1,-5.90000009536743,0,-79.8,45,14631,-9241,"2016-08-29 13:37:39","6 ms final",6,135.205071,5.9841458141773
"544",9297,151.227095825794,-33.9314022658177,10,0.899999976158142,-5.90000009536743,0,-79.1,45,14662,-8985,"2016-08-29 13:37:40","6 ms final",6,131.73807,5.96824941523227
"545",9298,151.227031898506,-33.9313935051657,10,1,-5.90000009536743,0.100000001490116,-79.2,45,14670,-8947,"2016-08-29 13:37:41","6 ms final",6,131.25249,5.9849812970162
"546",9299,151.226967808804,-33.9313841622972,10,1,-5.90000009536743,0,-79.3,45,14670,-8947,"2016-08-29 13:37:42","6 ms final",6,131.25249,5.9841458141773
"547",9300,151.226903545254,-33.9313746358955,10,1.10000002384186,-5.90000009536743,0,-79.8,45,14655,-8881,"2016-08-29 13:37:43","6 ms final",6,130.151055,6.00166653337119
"580",9333,151.226998123944,-33.9313859444482,10.1999998092651,-1.39999997615814,6.90000009536743,0,99.9,40,14496,-11642,"2016-08-29 13:39:25","7 ms final",7,168.762432,7.04059665435489
"581",9334,151.227072675361,-33.931397898511,10.1999998092651,-1.39999997615814,6.90000009536743,0,100.2,40,14527,-11071,"2016-08-29 13:39:26","7 ms final",7,160.828417,7.04059665435489
"584",9337,151.22729884351,-33.9314357132177,10.3000001907349,-1.29999995231628,6.90000009536743,0,100.2,40,14564,-9936,"2016-08-29 13:39:29","7 ms final",7,144.707904,7.0213959575068
"585",9338,151.227373929333,-33.93144702065,10.3000001907349,-1.29999995231628,6.90000009536743,0.100000001490116,100.3,40,14577,-9609,"2016-08-29 13:39:30","7 ms final",7,140.070393,7.02210803052694
"586",9339,151.22744896597,-33.9314588481339,10.3000001907349,-1.29999995231628,6.90000009536743,0.100000001490116,100.2,40,14581,-9454,"2016-08-29 13:39:31","7 ms final",7,137.848774,7.02210803052694
"587",9340,151.227524014876,-33.9314712527379,10.3000001907349,-1.39999997615814,6.90000009536743,0.100000001490116,100.1,40,14581,-9454,"2016-08-29 13:39:32","7 ms final",7,137.848774,7.04130678564791
"588",9341,151.227598849256,-33.9314838038228,10.3000001907349,-1.39999997615814,6.90000009536743,0,100,40,14603,-9338,"2016-08-29 13:39:33","7 ms final",7,136.362814,7.04059665435489
"589",9342,151.227673756208,-33.931496257988,10.1999998092651,-1.29999995231628,6.90000009536743,0,100.1,40,14565,-9917,"2016-08-29 13:39:34","7 ms final",7,144.441105,7.0213959575068
"590",9343,151.227748508781,-33.9315083929802,10.1999998092651,-1.29999995231628,6.90000009536743,0,100.1,40,14553,-9921,"2016-08-29 13:39:35","7 ms final",7,144.380313,7.0213959575068
"591",9344,151.227823261904,-33.9315202493749,10.1999998092651,-1.29999995231628,6.90000009536743,0,100.2,40,14567,-9613,"2016-08-29 13:39:36","7 ms final",7,140.032571,7.0213959575068
"592",9345,151.227897823831,-33.9315327667376,10.1999998092651,-1.39999997615814,6.80000019073486,0,99.9,40,14566,-9586,"2016-08-29 13:39:37","7 ms final",7,139.629676,6.94262216509273
"593",9346,151.227972140809,-33.9315461163177,10.1999998092651,-1.39999997615814,6.80000019073486,0.100000001490116,99.3,40,14567,-9549,"2016-08-29 13:39:38","7 ms final",7,139.100283,6.94334231674739
"595",9348,151.228120633785,-33.9315710295543,10.1000003814697,-1.29999995231628,6.90000009536743,0,100.5,40,14581,-9437,"2016-08-29 13:39:40","7 ms final",7,137.600897,7.0213959575068
"596",9349,151.228195418142,-33.9315834292482,10,-1.39999997615814,6.90000009536743,0,99.7,40,14605,-8905,"2016-08-29 13:39:41","7 ms final",7,130.057525,7.04059665435489
"597",9350,151.228270182105,-33.931596037463,10.1000003814697,-1.29999995231628,6.90000009536743,0,100.1,40,14585,-9065,"2016-08-29 13:39:42","7 ms final",7,132.213025,7.0213959575068
"603",9356,151.228715870853,-33.9316682573364,9.89999961853027,-1.20000004768372,6.90000009536743,0,100.6,38,14565,-9322,"2016-08-29 13:39:48","7 ms final",7,135.77493,7.00357062008455
"604",9357,151.228790271151,-33.9316794981016,9.89999961853027,-1.20000004768372,6.90000009536743,0,100.3,38,14568,-9172,"2016-08-29 13:39:49","7 ms final",7,133.617696,7.00357062008455
"607",9360,151.229013132073,-33.9317153637671,9.89999961853027,-1.29999995231628,6.90000009536743,0,99.9,38,14559,-9606,"2016-08-29 13:39:52","7 ms final",7,139.853754,7.0213959575068
"620",9373,151.228884807583,-33.9316895469067,10,1.39999997615814,-6.80000019073486,0,-77.6,37,14430,-11618,"2016-08-29 13:40:05","7 ms final",7,167.64774,6.94262216509273
"621",9374,151.228809606291,-33.9316778506793,10,1.39999997615814,-6.90000009536743,0,-77.8,37,14446,-11398,"2016-08-29 13:40:06","7 ms final",7,164.655508,7.04059665435489
"622",9375,151.228735339706,-33.9316654854483,10.1000003814697,1.39999997615814,-6.80000019073486,0,-77.9,37,14538,-9187,"2016-08-29 13:40:07","7 ms final",7,133.560606,6.94262216509273
"623",9376,151.228661056361,-33.931653342531,10.1000003814697,1.29999995231628,-6.90000009536743,0,-78,37,14553,-8996,"2016-08-29 13:40:08","7 ms final",7,130.918788,7.0213959575068
"624",9377,151.228585877448,-33.9316407361834,10.1000003814697,1.5,-6.90000009536743,0.100000001490116,-78.2,37,14562,-9040,"2016-08-29 13:40:09","7 ms final",7,131.64048,7.06186953408009
"625",9378,151.228510958003,-33.9316276842648,10,1.39999997615814,-6.90000009536743,0,-78.4,37,14548,-9144,"2016-08-29 13:40:10","7 ms final",7,133.026912,7.04059665435489
"626",9379,151.228436066811,-33.9316150143908,10.1000003814697,1.39999997615814,-6.90000009536743,0,-78.2,37,14567,-8698,"2016-08-29 13:40:11","7 ms final",7,126.703766,7.04059665435489
"627",9380,151.228360702185,-33.9316020527801,10.1000003814697,1.29999995231628,-6.90000009536743,0,-78,37,14567,-8698,"2016-08-29 13:40:12","7 ms final",7,126.703766,7.0213959575068
"629",9382,151.228211070836,-33.9315769825767,10,1.39999997615814,-6.90000009536743,0,-78.1,37,14582,-8715,"2016-08-29 13:40:14","7 ms final",7,127.08213,7.04059665435489
"631",9384,151.228061860243,-33.9315524983309,10.1000003814697,1.29999995231628,-6.90000009536743,0.100000001490116,-78.3,37,14589,-8335,"2016-08-29 13:40:16","7 ms final",7,121.599315,7.02210803052694
"634",9387,151.22783845449,-33.931515011903,10,1.39999997615814,-6.80000019073486,0,-78.4,37,14578,-8509,"2016-08-29 13:40:19","7 ms final",7,124.044202,6.94262216509273
"635",9388,151.227764346715,-33.9315017621143,10,1.29999995231628,-6.90000009536743,0,-77.6,37,14542,-9322,"2016-08-29 13:40:20","7 ms final",7,135.560524,7.0213959575068
"636",9389,151.227689631827,-33.9314894394982,10,1.29999995231628,-6.90000009536743,0,-77.9,37,14552,-9316,"2016-08-29 13:40:21","7 ms final",7,135.566432,7.0213959575068
"637",9390,151.227615019872,-33.9314771629946,10,1.29999995231628,-6.90000009536743,0,-78,37,14571,-8350,"2016-08-29 13:40:22","7 ms final",7,121.66785,7.0213959575068
"639",9392,151.227466853674,-33.9314510787904,10,1.39999997615814,-6.80000019073486,0,-79.3,36,14566,-8959,"2016-08-29 13:40:24","7 ms final",7,130.496794,6.94262216509273
"640",9393,151.227393577064,-33.9314383913683,10.1000003814697,1.39999997615814,-6.80000019073486,0.100000001490116,-79.2,36,14541,-9296,"2016-08-29 13:40:25","7 ms final",7,135.173136,6.94334231674739
"643",9396,151.227171532184,-33.931400069214,9.89999961853027,1.29999995231628,-6.90000009536743,0,-78.3,36,14498,-10080,"2016-08-29 13:40:28","7 ms final",7,146.13984,7.0213959575068
"644",9397,151.227096824108,-33.9313875556671,9.89999961853027,1.29999995231628,-6.90000009536743,0,-78.6,36,14541,-9282,"2016-08-29 13:40:29","7 ms final",7,134.969562,7.0213959575068
"645",9398,151.227021786336,-33.9313747256977,9.89999961853027,1.29999995231628,-6.90000009536743,0,-78.4,36,14571,-8427,"2016-08-29 13:40:30","7 ms final",7,122.789817,7.0213959575068
"646",9399,151.226947694491,-33.9313625615855,9.89999961853027,1.29999995231628,-6.90000009536743,0,-78.3,36,14566,-8692,"2016-08-29 13:40:31","7 ms final",7,126.607672,7.0213959575068
"664",9417,151.226676364019,-33.9313103716802,3.79999995231628,0,0,-3,-72.4,32,14569,-11423,"2016-08-29 13:42:00","8 ms final",8,166.421687,3
"665",9418,151.226676554333,-33.9313094147777,7,0,0,-3,-72.9,32,14588,-12188,"2016-08-29 13:42:01","8 ms final",8,177.798544,3
"678",9431,151.227049775383,-33.9313623931265,9.89999961853027,-1.29999995231628,7.90000009536743,0,98.2,32,14420,-11363,"2016-08-29 13:42:14","8 ms final",8,163.85446,8.00624764685853
"679",9432,151.227135406737,-33.9313736319377,9.89999961853027,-1.29999995231628,7.90000009536743,-0.100000001490116,98.7,32,14411,-11471,"2016-08-29 13:42:15","8 ms final",8,165.308581,8.00687213480556
"680",9433,151.227221146514,-33.9313855757458,10.1000003814697,-1.39999997615814,7.80000019073486,0,99.5,32,14518,-9150,"2016-08-29 13:42:16","8 ms final",8,132.8397,7.92464528598641
"681",9434,151.227306724306,-33.9313972262021,10.1000003814697,-1.29999995231628,7.90000009536743,0,99.3,32,14547,-8344,"2016-08-29 13:42:17","8 ms final",8,121.380168,8.00624764685853
"682",9435,151.227393003992,-33.931409173963,10.1000003814697,-1.39999997615814,7.90000009536743,0,98.8,32,14563,-7805,"2016-08-29 13:42:18","8 ms final",8,113.664215,8.02309176315765
"683",9436,151.227479282009,-33.9314218197859,10,-1.39999997615814,7.90000009536743,0,98.3,31,14556,-8720,"2016-08-29 13:42:19","8 ms final",8,126.92832,8.02309176315765
"684",9437,151.227565637241,-33.9314353647777,10,-1.5,7.90000009536743,0,98.1,31,14533,-8794,"2016-08-29 13:42:20","8 ms final",8,127.803202,8.04114429088332
"685",9438,151.227651574171,-33.93144830149,10,-1.39999997615814,7.90000009536743,0.100000001490116,98.6,31,14539,-8667,"2016-08-29 13:42:21","8 ms final",8,126.009513,8.02371494012258
"686",9439,151.227737184457,-33.9314603219949,10,-1.29999995231628,7.90000009536743,0,98.7,31,14533,-8572,"2016-08-29 13:42:22","8 ms final",8,124.576876,8.00624764685853
"687",9440,151.227823291083,-33.9314723246609,9.89999961853027,-1.29999995231628,7.90000009536743,0,98.7,31,14523,-8951,"2016-08-29 13:42:23","8 ms final",8,129.995373,8.00624764685853
"688",9441,151.227909333915,-33.9314838269121,9.89999961853027,-1.29999995231628,7.90000009536743,0,98.7,31,14526,-8784,"2016-08-29 13:42:24","8 ms final",8,127.596384,8.00624764685853
"689",9442,151.227994839327,-33.9314956085292,10,-1.29999995231628,7.90000009536743,0,98.9,31,14549,-8453,"2016-08-29 13:42:25","8 ms final",8,122.982697,8.00624764685853
"691",9444,151.228166004253,-33.931520115077,10,-1.29999995231628,7.90000009536743,0,99,31,14537,-8552,"2016-08-29 13:42:27","8 ms final",8,124.320424,8.00624764685853
"692",9445,151.228251652507,-33.931532752511,10,-1.29999995231628,7.90000009536743,0,99.3,31,14527,-8780,"2016-08-29 13:42:28","8 ms final",8,127.54706,8.00624764685853
"693",9446,151.228337465582,-33.9315447903408,10,-1.20000004768372,7.90000009536743,0,99,31,14525,-8930,"2016-08-29 13:42:29","8 ms final",8,129.70825,7.99061960183604
"694",9447,151.228423728275,-33.9315562022979,10,-1.20000004768372,7.90000009536743,0,99,31,14515,-8509,"2016-08-29 13:42:30","8 ms final",8,123.508135,7.99061960183604
"697",9450,151.228678717262,-33.9315901974036,9.80000019073486,-1.20000004768372,7.90000009536743,0,98.8,31,14488,-9557,"2016-08-29 13:42:33","8 ms final",8,138.461816,7.99061960183604
"698",9451,151.228764482727,-33.931602616468,9.89999961853027,-1.29999995231628,7.90000009536743,0,98.6,31,14491,-9412,"2016-08-29 13:42:34","8 ms final",8,136.389292,8.00624764685853
"699",9452,151.228850226992,-33.9316151901375,9.89999961853027,-1.29999995231628,7.90000009536743,0,98.7,31,14492,-9350,"2016-08-29 13:42:35","8 ms final",8,135.5002,8.00624764685853
"700",9453,151.228935897122,-33.9316272871594,9.89999961853027,-1.20000004768372,7.90000009536743,0,99.1,31,14482,-9394,"2016-08-29 13:42:36","8 ms final",8,136.043908,7.99061960183604
"716",9469,151.228703891497,-33.931595427691,10.1000003814697,1.29999995231628,-7.90000009536743,0,-80.9,30,14407,-10939,"2016-08-29 13:42:52","8 ms final",8,157.598173,8.00624764685853
"717",9470,151.228617618666,-33.9315840126992,10.1000003814697,1.20000004768372,-7.90000009536743,0,-81.2,30,14404,-9866,"2016-08-29 13:42:53","8 ms final",8,142.109864,7.99061960183604
"718",9471,151.228531166001,-33.9315738987378,10.1999998092651,1.20000004768372,-7.90000009536743,0,-80.6,30,14404,-9866,"2016-08-29 13:42:54","8 ms final",8,142.109864,7.99061960183604
"719",9472,151.228444759087,-33.931562941334,10.1999998092651,1.20000004768372,-7.90000009536743,0,-80.2,30,14402,-10240,"2016-08-29 13:42:55","8 ms final",8,147.47648,7.99061960183604
"720",9473,151.228358536064,-33.9315520964578,10.1999998092651,1.20000004768372,-7.90000009536743,0.100000001490116,-80.5,30,14421,-9786,"2016-08-29 13:42:56","8 ms final",8,141.123906,7.99124531106037
"721",9474,151.22827292508,-33.931540754856,10.1999998092651,1.29999995231628,-7.90000009536743,0.100000001490116,-81.3,30,14413,-9932,"2016-08-29 13:42:57","8 ms final",8,143.149916,8.00687213480556
"723",9476,151.228100465013,-33.9315172587875,10.1000003814697,1.29999995231628,-7.90000009536743,0,-80.7,30,14464,-9029,"2016-08-29 13:42:59","8 ms final",8,130.595456,8.00624764685853
"724",9477,151.2280231961,-33.931507266465,10.1000003814697,1.20000004768372,-7.90000009536743,0,-80.5,30,14469,-9262,"2016-08-29 13:43:00","8 ms final",8,134.011878,7.99061960183604
"725",9478,151.227928845816,-33.9314946950575,10.1000003814697,1.20000004768372,-7.90000009536743,0,-81,29,14426,-10144,"2016-08-29 13:43:01","8 ms final",8,146.337344,7.99061960183604
"728",9481,151.227673137755,-33.9314582733575,10.1000003814697,1.20000004768372,-7.90000009536743,0.100000001490116,-81.2,29,14462,-9086,"2016-08-29 13:43:04","8 ms final",8,131.401732,7.99124531106037
"729",9482,151.227587011913,-33.9314473179783,10,1.20000004768372,-7.90000009536743,0,-81.5,29,14448,-9493,"2016-08-29 13:43:05","8 ms final",8,137.154864,7.99061960183604
"731",9484,151.227416166649,-33.9314262765124,10,1.10000002384186,-7.90000009536743,0,-80.1,29,14484,-8277,"2016-08-29 13:43:07","8 ms final",8,119.884068,7.97621473878791
"732",9485,151.227330325117,-33.9314148797171,10,1.20000004768372,-7.90000009536743,0,-80.2,29,14484,-8277,"2016-08-29 13:43:08","8 ms final",8,119.884068,7.99061960183604
"733",9486,151.227244250857,-33.93140359999,10,1.10000002384186,-8,0,-80.1,29,14436,-9409,"2016-08-29 13:43:09","8 ms final",8,135.828324,8.07527089653667
"735",9488,151.227074147234,-33.9313819971919,10,1.20000004768372,-7.90000009536743,0,-80.6,29,14442,-9477,"2016-08-29 13:43:11","8 ms final",8,136.866834,7.99061960183604
"736",9489,151.226988292655,-33.9313702867653,10,1.20000004768372,-7.90000009536743,0,-81.4,29,14407,-10192,"2016-08-29 13:43:12","8 ms final",8,146.836144,7.99061960183604
"737",9490,151.226902747934,-33.9313587497313,10,1.20000004768372,-7.90000009536743,0,-81.9,29,14410,-9900,"2016-08-29 13:43:13","8 ms final",8,142.659,7.99061960183604
"738",9491,151.2268174159,-33.9313467961609,10,1.20000004768372,-7.90000009536743,0,-81.5,29,14405,-10133,"2016-08-29 13:43:14","8 ms final",8,145.965865,7.99061960183604
"739",9492,151.226739786945,-33.9313363656762,9.89999961853027,0.899999976158142,-5.90000009536743,0,-81.7,29,14452,-8979,"2016-08-29 13:43:15","8 ms final",8,129.764508,5.96824941523227
"768",9521,151.227211625117,-33.9313906958722,10.1000003814697,-1.5,8.89999961853027,0,97.6,24,14455,-8552,"2016-08-29 13:45:01","9 ms final",9,123.61916,9.02551899947249
"771",9524,151.22750414577,-33.9314304113445,10.1000003814697,-1.5,8.89999961853027,0,97.9,24,14436,-8935,"2016-08-29 13:45:04","9 ms final",9,128.98566,9.02551899947249
"772",9525,151.227600275222,-33.931443756521,10.1999998092651,-1.39999997615814,8.89999961853027,0,98,24,14468,-8228,"2016-08-29 13:45:05","9 ms final",9,119.042704,9.0094391136786
"773",9526,151.227687322618,-33.9314553714384,10.1999998092651,-1.39999997615814,8.89999961853027,0,98,24,14449,-8869,"2016-08-29 13:45:06","9 ms final",9,128.148181,9.0094391136786
"774",9527,151.227793720427,-33.9314681287111,10.1999998092651,-1.29999995231628,8.89999961853027,0.100000001490116,98,24,14437,-9175,"2016-08-29 13:45:07","9 ms final",9,132.459475,8.99499822602313
"775",9528,151.227890594214,-33.9314793117321,10.1000003814697,-1.29999995231628,8.89999961853027,0,97.8,24,14437,-9175,"2016-08-29 13:45:08","9 ms final",9,132.459475,8.99444234435139
"776",9529,151.227986984681,-33.9314910665756,10,-1.29999995231628,8.89999961853027,0,97.5,24,14423,-9288,"2016-08-29 13:45:09","9 ms final",9,133.960824,8.99444234435139
"777",9530,151.228084000959,-33.9315026441099,10,-1.29999995231628,8.89999961853027,0,97.7,24,14412,-9639,"2016-08-29 13:45:10","9 ms final",9,138.917268,8.99444234435139
"778",9531,151.228180112443,-33.9315149071188,9.89999961853027,-1.5,8.80000019073486,0,98.1,24,14437,-9091,"2016-08-29 13:45:11","9 ms final",9,131.246767,8.92692575061166
"779",9532,151.228275677825,-33.9315285898336,9.89999961853027,-1.5,8.89999961853027,0,98.4,24,14472,-8308,"2016-08-29 13:45:12","9 ms final",9,120.233376,9.02551899947249
"781",9534,151.228470600684,-33.9315536327499,9.89999961853027,-1.29999995231628,8.89999961853027,-0.100000001490116,97.6,24,14397,-10097,"2016-08-29 13:45:14","9 ms final",9,145.366509,8.99499822602313
"785",9538,151.228855996128,-33.931599105943,9.89999961853027,-1.29999995231628,8.89999961853027,0,97.6,24,14432,-8743,"2016-08-29 13:45:18","9 ms final",9,126.178976,8.99444234435139
"786",9539,151.228952246004,-33.9316114426334,9.89999961853027,-1.39999997615814,8.80000019073486,0,97.6,24,14454,-8597,"2016-08-29 13:45:19","9 ms final",9,124.261038,8.91066794859826
"803",9556,151.228604121983,-33.9315691423447,10.1000003814697,1.39999997615814,-8.80000019073486,0.100000001490116,-80.9,23,14401,-8532,"2016-08-29 13:45:36","9 ms final",9,122.869332,8.91122905611086
"804",9557,151.228507673446,-33.9315567230248,10.1999998092651,1.39999997615814,-8.89999961853027,0.100000001490116,-81,23,14349,-9822,"2016-08-29 13:45:37","9 ms final",9,140.935878,9.00999407010791
"805",9558,151.228410785874,-33.9315444721802,10.1999998092651,1.39999997615814,-8.89999961853027,0.100000001490116,-80.9,23,14325,-10622,"2016-08-29 13:45:38","9 ms final",9,152.16015,9.00999407010791
"806",9559,151.228314229098,-33.9315321207798,10.1999998092651,1.39999997615814,-8.89999961853027,0.100000001490116,-80.9,23,14343,-10300,"2016-08-29 13:45:39","9 ms final",9,147.7329,9.00999407010791
"807",9560,151.228217504606,-33.9315198073151,10.1999998092651,1.29999995231628,-8.89999961853027,0.100000001490116,-81,23,14328,-10125,"2016-08-29 13:45:40","9 ms final",9,145.071,8.99499822602313
"810",9563,151.22792706,-33.9314825639374,10.1999998092651,1.39999997615814,-8.89999961853027,0.100000001490116,-81.6,22,14323,-10228,"2016-08-29 13:45:43","9 ms final",9,146.495644,9.00999407010791
"811",9564,151.22783089024,-33.9314702714546,10.3000001907349,1.29999995231628,-8.89999961853027,0,-82.1,22,14360,-9470,"2016-08-29 13:45:44","9 ms final",9,135.9892,8.99444234435139
"812",9565,151.227734304187,-33.9314584832515,10.1999998092651,1.29999995231628,-8.89999961853027,0.200000002980232,-82,22,14394,-8746,"2016-08-29 13:45:45","9 ms final",9,125.889924,8.99666566495907
"813",9566,151.227637499181,-33.9314468650227,10.1999998092651,1.20000004768372,-8.89999961853027,0.100000001490116,-81,22,14412,-8509,"2016-08-29 13:45:46","9 ms final",9,122.631708,8.98109087608949
"814",9567,151.227540587259,-33.9314363570325,10.1999998092651,1.20000004768372,-8.89999961853027,0.200000002980232,-81.2,22,14383,-9066,"2016-08-29 13:45:47","9 ms final",9,130.396278,8.98276089659922
"815",9568,151.227444060765,-33.9314244549842,10.1000003814697,1.39999997615814,-8.89999961853027,0,-81,22,14336,-9988,"2016-08-29 13:45:48","9 ms final",9,143.187968,9.0094391136786
"816",9569,151.227348539233,-33.9314111334052,10.1999998092651,1.29999995231628,-8.89999961853027,0.100000001490116,-81.4,22,14336,-9988,"2016-08-29 13:45:49","9 ms final",9,143.187968,8.99499822602313
"817",9570,151.227242351238,-33.931397703673,10.1999998092651,1.39999997615814,-8.89999961853027,0,-82.2,22,14319,-10421,"2016-08-29 13:45:50","9 ms final",9,149.218299,9.0094391136786
"819",9572,151.227049236408,-33.9313709778765,10.1000003814697,1.39999997615814,-8.80000019073486,0,-82.5,22,14358,-9720,"2016-08-29 13:45:52","9 ms final",9,139.55976,8.91066794859826
"822",9575,151.226781113485,-33.9313372264377,10.1000003814697,0.800000011920929,-6,0,-82.2,22,14396,-8793,"2016-08-29 13:45:55","9 ms final",9,126.584028,6.05309838174414
"850",9603,151.227234123214,-33.9314390689836,9.89999961853027,-1.89999997615814,9.80000019073486,0,101.4,96,15892,-8998,"2016-08-29 13:47:57","10 ms final",10,142.996216,9.98248484335459
"851",9604,151.227329908216,-33.9314536438334,9.80000019073486,-1.89999997615814,9.80000019073486,-0.100000001490116,101.3,96,15833,-9632,"2016-08-29 13:47:58","10 ms final",10,152.503456,9.98298570809867
"852",9605,151.227448195453,-33.9314723347017,9.89999961853027,-1.89999997615814,9.89999961853027,-0.100000001490116,101.1,96,15833,-9632,"2016-08-29 13:47:59","10 ms final",10,152.503456,10.0811701878601
"854",9607,151.227661613251,-33.931506745723,10,-1.89999997615814,9.80000019073486,0,101.4,96,15921,-8832,"2016-08-29 13:48:01","10 ms final",10,140.614272,9.98248484335459
"855",9608,151.227768119935,-33.9315235086824,10.1000003814697,-1.89999997615814,9.80000019073486,0,101.6,96,15973,-8448,"2016-08-29 13:48:02","10 ms final",10,134.939904,9.98248484335459
"856",9609,151.227864425716,-33.9315386804381,10.1000003814697,-1.79999995231628,9.80000019073486,0,102.2,96,15986,-7983,"2016-08-29 13:48:03","10 ms final",10,127.616238,9.96393514464751
"857",9610,151.227981807658,-33.93155751133,10.1000003814697,-1.79999995231628,9.80000019073486,0,102,96,16005,-8033,"2016-08-29 13:48:04","10 ms final",10,128.568165,9.96393514464751
"858",9611,151.228077267819,-33.9315728314074,10.1000003814697,-1.79999995231628,9.80000019073486,0,101.9,96,15987,-7902,"2016-08-29 13:48:05","10 ms final",10,126.329274,9.96393514464751
"859",9612,151.22819363309,-33.9315915073197,10.1999998092651,-1.89999997615814,9.80000019073486,0.100000001490116,101.3,96,15981,-7852,"2016-08-29 13:48:06","10 ms final",10,125.482812,9.98298570809867
"860",9613,151.228300059615,-33.931608817241,10.1000003814697,-1.79999995231628,9.80000019073486,0,101.2,96,16005,-7835,"2016-08-29 13:48:07","10 ms final",10,125.399175,9.96393514464751
"861",9614,151.228396110157,-33.9316237255173,10.1000003814697,-1.79999995231628,9.80000019073486,0,101.3,96,15962,-8184,"2016-08-29 13:48:08","10 ms final",10,130.633008,9.96393514464751
"862",9615,151.228513168058,-33.9316415349258,10,-1.79999995231628,9.80000019073486,0,101.5,96,15947,-8389,"2016-08-29 13:48:09","10 ms final",10,133.779383,9.96393514464751
"863",9616,151.228619608051,-33.9316579408701,9.89999961853027,-1.89999997615814,9.80000019073486,0,101.4,96,15966,-8370,"2016-08-29 13:48:10","10 ms final",10,133.63542,9.98248484335459
"864",9617,151.228725938755,-33.9316754559193,9.89999961853027,-1.89999997615814,9.80000019073486,0,101.6,96,15966,-8370,"2016-08-29 13:48:11","10 ms final",10,133.63542,9.98248484335459
"865",9618,151.228821921463,-33.9316909987622,9.80000019073486,-1.79999995231628,9.80000019073486,-0.100000001490116,101.6,0,15845,-9582,"2016-08-29 13:48:12","10 ms final",10,151.82679,9.96443694179656
"866",9619,151.228939613317,-33.9317098476346,9.89999961853027,-1.89999997615814,9.89999961853027,0,101.5,0,15845,-9582,"2016-08-29 13:48:13","10 ms final",10,151.82679,10.0806742014758
"882",9635,151.228600572877,-33.9316539003049,10.1000003814697,2,-9.80000019073486,0.100000001490116,-79.6,95,15785,-9817,"2016-08-29 13:48:29","10 ms final",10,154.961345,10.0024998744664
"883",9636,151.228493522621,-33.9316369866556,10.1000003814697,1.89999997615814,-9.89999961853027,0.100000001490116,-79.3,0,15871,-8640,"2016-08-29 13:48:30","10 ms final",10,137.12544,10.0811701878601
"884",9637,151.228385898164,-33.9316201109194,10.1999998092651,1.89999997615814,-9.80000019073486,0.100000001490116,-79.5,95,15868,-8287,"2016-08-29 13:48:31","10 ms final",10,131.498116,9.98298570809867
"885",9638,151.228280308343,-33.9316024931996,10.3000001907349,2,-9.80000019073486,0,-78.9,95,15834,-8908,"2016-08-29 13:48:32","10 ms final",10,141.049272,10.0019999869228
"887",9640,151.228079539346,-33.9315718011838,10.3000001907349,1.79999995231628,-9.80000019073486,0.100000001490116,-79.3,95,15852,-8256,"2016-08-29 13:48:34","10 ms final",10,130.874112,9.96443694179656
"890",9643,151.227751366606,-33.931521135003,10.1000003814697,2,-9.89999961853027,0,-79.6,95,15717,-10536,"2016-08-29 13:48:37","10 ms final",10,165.594312,10.0999996260841
"891",9644,151.227644302103,-33.9315041197069,10.1000003814697,1.79999995231628,-9.80000019073486,0.100000001490116,-78.9,95,15793,-9122,"2016-08-29 13:48:38","10 ms final",10,144.063746,9.96443694179656
"893",9646,151.227431280331,-33.9314710345646,10.1000003814697,1.89999997615814,-9.80000019073486,0.100000001490116,-79.2,95,15784,-9647,"2016-08-29 13:48:40","10 ms final",10,152.268248,9.98298570809867
"894",9647,151.227324127073,-33.9314536732614,10.1000003814697,1.89999997615814,-9.80000019073486,0.100000001490116,-78.9,94,15730,-9760,"2016-08-29 13:48:41","10 ms final",10,153.5248,9.98298570809867
"895",9648,151.227217481181,-33.9314364935783,9.89999961853027,1.89999997615814,-9.80000019073486,0,-78.9,0,15790,-9608,"2016-08-29 13:48:42","10 ms final",10,151.71032,9.98248484335459
"896",9649,151.227110762643,-33.9314194708295,10,1.89999997615814,-9.80000019073486,0,-78.7,94,15704,-10126,"2016-08-29 13:48:43","10 ms final",10,159.018704,9.98248484335459
"897",9650,151.22700468363,-33.9314023033211,10,1.89999997615814,-9.80000019073486,0,-78.6,94,15660,-10953,"2016-08-29 13:48:44","10 ms final",10,171.52398,9.98248484335459
"898",9651,151.226898704971,-33.9313852959351,10.1000003814697,1.89999997615814,-9.89999961853027,0,-78.9,94,15680,-10385,"2016-08-29 13:48:45","10 ms final",10,162.8368,10.0806742014758
"916",9669,151.226659417225,-33.9313348668763,6.19999980926514,0,0,-3,-75.7,90,15782,-11945,"2016-08-29 13:50:28","11 ms final",11,188.51599,3
"931",9684,151.227288859838,-33.9314378615686,10.1000003814697,-2.09999990463257,10.8999996185303,0.100000001490116,100,90,15802,-9629,"2016-08-29 13:50:43","11 ms final",11,152.157458,11.1009004717507
"932",9685,151.227406236873,-33.9314554064465,10.1999998092651,-2.09999990463257,10.8000001907349,0,100.6,90,15871,-8147,"2016-08-29 13:50:44","11 ms final",11,129.301037,11.0022726615609
"933",9686,151.227523301334,-33.9314741366052,10.1000003814697,-2.20000004768372,10.8000001907349,0,100.3,90,15842,-8211,"2016-08-29 13:50:45","11 ms final",11,130.078662,11.0217967831784
"934",9687,151.227641179386,-33.9314928925977,10.1000003814697,-2.09999990463257,10.8999996185303,0,100.8,90,15894,-8092,"2016-08-29 13:50:46","11 ms final",11,128.614248,11.100450048688
"935",9688,151.227759037569,-33.9315112614327,10.1999998092651,-2.09999990463257,10.8000001907349,0,100.8,90,15881,-8147,"2016-08-29 13:50:47","11 ms final",11,129.382507,11.0022726615609
"936",9689,151.227875965821,-33.931529902416,10.1000003814697,-2.20000004768372,10.8000001907349,0,100.3,90,15891,-8064,"2016-08-29 13:50:48","11 ms final",11,128.145024,11.0217967831784
"937",9690,151.227993660999,-33.9315489185498,10.1999998092651,-2.09999990463257,10.8000001907349,0,100.5,90,15858,-8375,"2016-08-29 13:50:49","11 ms final",11,132.81075,11.0022726615609
"938",9691,151.228111661254,-33.931568053509,10.1000003814697,-2.20000004768372,10.8000001907349,0,100.4,90,15833,-9014,"2016-08-29 13:50:50","11 ms final",11,142.718662,11.0217967831784
"939",9692,151.228229155919,-33.9315865485535,10,-2.09999990463257,10.6999998092651,0,100.7,90,15846,-8448,"2016-08-29 13:50:51","11 ms final",11,133.867008,10.9041274532963
"940",9693,151.228346095313,-33.9316049211858,10,-2.09999990463257,10.6999998092651,0,100.5,90,15866,-8390,"2016-08-29 13:50:52","11 ms final",11,133.11574,10.9041274532963
"941",9694,151.2284636318,-33.9316243652086,10,-2.20000004768372,10.8000001907349,0,100.1,90,15819,-8651,"2016-08-29 13:50:53","11 ms final",11,136.850169,11.0217967831784
"942",9695,151.228580801608,-33.9316441886822,10,-2.20000004768372,10.8000001907349,0,100.5,90,15820,-8596,"2016-08-29 13:50:54","11 ms final",11,135.98872,11.0217967831784
"943",9696,151.22869818043,-33.9316637113803,10,-2.09999990463257,10.6999998092651,0,100.5,90,15820,-8596,"2016-08-29 13:50:55","11 ms final",11,135.98872,10.9041274532963
"944",9697,151.228814725609,-33.9316825149179,10,-2.09999990463257,10.6999998092651,0,100.4,90,15793,-9115,"2016-08-29 13:50:56","11 ms final",11,143.953195,10.9041274532963
"956",9709,151.229077114567,-33.9317272499728,9.80000019073486,1,-3.90000009536743,-0.100000001490116,-80.1,89,15640,-10139,"2016-08-29 13:51:08","11 ms final",11,158.57396,4.02740620550796
"959",9712,151.228841823492,-33.9316846354525,10.1000003814697,1.79999995231628,-9.80000019073486,0,-79.3,89,15604,-10881,"2016-08-29 13:51:11","11 ms final",11,169.787124,9.96393514464751
"961",9714,151.228611952394,-33.9316495386364,10.1999998092651,2.20000004768372,-10.6999998092651,0,-80.4,89,15598,-10870,"2016-08-29 13:51:13","11 ms final",11,169.55026,10.9238269909442
"962",9715,151.228494645851,-33.9316298923754,10.1999998092651,2.20000004768372,-10.8000001907349,0.100000001490116,-80.5,89,15686,-9504,"2016-08-29 13:51:14","11 ms final",11,149.079744,11.0222504203987
"963",9716,151.228377176593,-33.9316104909207,10.1999998092651,2.09999990463257,-10.6999998092651,0.200000002980232,-80.2,89,15701,-9477,"2016-08-29 13:51:15","11 ms final",11,148.798377,10.9059614669648
"965",9718,151.228144065247,-33.9315740761055,10.1000003814697,2.09999990463257,-10.8999996185303,0,-79.3,89,15624,-10196,"2016-08-29 13:51:17","11 ms final",11,159.302304,11.100450048688
"966",9719,151.228025503483,-33.9315550906703,10.1000003814697,2.09999990463257,-10.8999996185303,0,-79,89,15656,-10006,"2016-08-29 13:51:18","11 ms final",11,156.653936,11.100450048688
"967",9720,151.227907724536,-33.931536435218,10.1000003814697,2,-10.8000001907349,0,-79.3,89,15706,-8970,"2016-08-29 13:51:19","11 ms final",11,140.88282,10.983624361743
"969",9722,151.227674152284,-33.9314991940056,10.1000003814697,2,-10.8000001907349,0.100000001490116,-79,88,15681,-9914,"2016-08-29 13:51:21","11 ms final",11,155.461434,10.9840795754661
"972",9725,151.227325242218,-33.9314435481722,10.1000003814697,2.09999990463257,-10.6999998092651,0.100000001490116,-79.7,88,15641,-10154,"2016-08-29 13:51:24","11 ms final",11,158.818714,10.9045859856314
"975",9728,151.226977910266,-33.931388758175,9.89999961853027,1.89999997615814,-10.8000001907349,-0.100000001490116,-79.2,88,15588,-11115,"2016-08-29 13:51:27","11 ms final",11,173.26062,10.9663122347293
"1005",9758,151.226944017542,-33.9313672560086,10.3000001907349,-2.20000004768372,9.80000019073486,0,98.9,84,15572,-10846,"2016-08-29 13:53:00","12 ms final",12,168.893912,10.0439038201394
"1008",9761,151.2273226125,-33.9314369720882,10.1999998092651,-1.5,12.8999996185303,0,100.7,84,15568,-11313,"2016-08-29 13:53:03","12 ms final",12,176.120784,12.9869161142313
"1013",9766,151.227981083396,-33.9315282711752,10,-1.89999997615814,11.8999996185303,0,100.5,84,15623,-9412,"2016-08-29 13:53:08","12 ms final",12,147.043676,12.0507257387438
"1014",9767,151.228109276199,-33.931546473687,10.1000003814697,-2.09999990463257,11.8000001907349,0,100.5,84,15664,-8700,"2016-08-29 13:53:09","12 ms final",12,136.2768,11.9854079655555
"1015",9768,151.228236403172,-33.9315661722043,10.1999998092651,-2.09999990463257,11.8000001907349,0,99.6,84,15664,-8700,"2016-08-29 13:53:10","12 ms final",12,136.2768,11.9854079655555
"1016",9769,151.228364090192,-33.9315866538198,10.1000003814697,-2.20000004768372,11.8000001907349,0.100000001490116,99.7,84,15714,-7941,"2016-08-29 13:53:11","12 ms final",12,124.784874,12.0037496104946
"1017",9770,151.228492574651,-33.9316065283158,10.1000003814697,-2.20000004768372,11.8000001907349,0.100000001490116,99.1,84,15689,-8261,"2016-08-29 13:53:12","12 ms final",12,129.606829,12.0037496104946
"1018",9771,151.228619543925,-33.9316270719934,10,-2.20000004768372,11.6999998092651,0,99.5,84,15663,-8906,"2016-08-29 13:53:13","12 ms final",12,139.494678,11.9050407704725
"1019",9772,151.228747128389,-33.9316463281764,10.1000003814697,-2.09999990463257,11.8000001907349,0,99.9,84,15640,-9116,"2016-08-29 13:53:14","12 ms final",12,142.57424,11.9854079655555
"1020",9773,151.228875090294,-33.9316657051177,10,-2.20000004768372,11.8000001907349,0,99.7,84,15570,-10415,"2016-08-29 13:53:15","12 ms final",12,162.16155,12.0033330667424
"1034",9787,151.228928391633,-33.9316749442427,10.1000003814697,1.5,-8.80000019073486,0,-77.6,83,15487,-10704,"2016-08-29 13:53:29","12 ms final",12,165.772848,8.92692575061166
"1044",9797,151.227710619924,-33.9315093573222,10,2.09999990463257,-11.6999998092651,0,-80.5,83,15398,-12401,"2016-08-29 13:53:39","12 ms final",12,190.950598,11.8869674491125
"1045",9798,151.227595570296,-33.9314928508291,10,2,-11.8999996185303,0.100000001490116,-80.7,82,15262,-13805,"2016-08-29 13:53:40","12 ms final",12,210.69191,12.0673108405029
"1049",9802,151.227076766467,-33.9314176910437,10,2.09999990463257,-11.6999998092651,0,-80.4,82,15316,-12406,"2016-08-29 13:53:44","12 ms final",12,190.010296,11.8869674491125
"1081",9834,151.227085657424,-33.9314154575556,10.3999996185303,-1.79999995231628,11.8999996185303,0,97.7,77,15391,-11570,"2016-08-29 13:55:21","13 ms final",13,178.07387,12.0353641718628
"1085",9838,151.227657165553,-33.9314864378787,10.1999998092651,-2.09999990463257,12.8999996185303,0.100000001490116,98.5,77,15429,-10327,"2016-08-29 13:55:25","13 ms final",13,159.335283,13.0701947100201
"1086",9839,151.227782119928,-33.9315033532009,10.1999998092651,-2.20000004768372,12.8000001907349,0,99,77,15525,-8668,"2016-08-29 13:55:26","13 ms final",13,134.5707,12.9876866720991
"1087",9840,151.227934910495,-33.931523822838,10.1999998092651,-2.09999990463257,12.8999996185303,0.100000001490116,99.5,77,15512,-8800,"2016-08-29 13:55:27","13 ms final",13,136.5056,13.0701947100201
"1088",9841,151.228060676937,-33.931540472827,10.1000003814697,-2.09999990463257,12.8999996185303,0,99.2,77,15463,-9742,"2016-08-29 13:55:28","13 ms final",13,150.640546,13.0698121546386
"1089",9842,151.228214274837,-33.931560090134,10.1000003814697,-2,12.8999996185303,0,98.9,77,15428,-10166,"2016-08-29 13:55:29","13 ms final",13,156.841048,13.0541177472123
"1090",9843,151.228353438045,-33.9315784692319,10,-2,12.8999996185303,0,99.5,77,15420,-10018,"2016-08-29 13:55:30","13 ms final",13,154.47756,13.0541177472123
"1093",9846,151.228774502584,-33.9316308123318,10,-1.89999997615814,12.8999996185303,0,98.8,77,15424,-10229,"2016-08-29 13:55:33","13 ms final",13,157.772096,13.0391713719654
"1107",9860,151.229004947207,-33.9316565885915,10.1999998092651,1.29999995231628,-6.90000009536743,0.100000001490116,-83.3,76,15316,-11208,"2016-08-29 13:55:47","13 ms final",13,171.661728,7.02210803052694
"1108",9861,151.228917089357,-33.9316433617145,10.3999996185303,1.5,-8.89999961853027,0.100000001490116,-79.7,76,15342,-10868,"2016-08-29 13:55:48","13 ms final",13,166.736856,9.02607296725087
"1109",9862,151.22880595406,-33.9316284146139,10.1999998092651,1.60000002384186,-10.8999996185303,0,-81.1,76,15339,-10374,"2016-08-29 13:55:49","13 ms final",13,159.126786,11.0168049706008
"1115",9868,151.227993626434,-33.931532818843,10.3000001907349,2,-12.8000001907349,0.200000002980232,-81.6,76,15211,-11556,"2016-08-29 13:55:55","13 ms final",13,175.778316,12.9568516578683
"1116",9869,151.227854413959,-33.9315147277423,9.89999961853027,2,-12.8999996185303,0.100000001490116,-81.5,76,15182,-13721,"2016-08-29 13:55:56","13 ms final",13,208.312222,13.0545007625102
"1117",9870,151.227714155569,-33.9314967734707,10.1000003814697,2,-12.8000001907349,0,-82.1,76,15182,-13258,"2016-08-29 13:55:57","13 ms final",13,201.282956,12.9553079810097
"1118",9871,151.227574395534,-33.9314783962925,10.1000003814697,2.09999990463257,-12.8999996185303,0,-81.9,76,15167,-12579,"2016-08-29 13:55:58","13 ms final",13,190.785693,13.0698121546386
"1119",9872,151.22743463796,-33.9314593231601,10.1000003814697,2.20000004768372,-12.8999996185303,0.100000001490116,-81.9,75,15211,-12241,"2016-08-29 13:55:59","13 ms final",13,186.197851,13.0866340350828
"1120",9873,151.227295610614,-33.9314393468732,10,2.09999990463257,-12.6999998092651,0.100000001490116,-81,75,15257,-11307,"2016-08-29 13:56:00","13 ms final",13,172.510899,12.8728394208538
"1122",9875,151.227018313357,-33.9314038223957,10.1000003814697,2,-12.8999996185303,0,-81.2,75,15275,-10429,"2016-08-29 13:56:02","13 ms final",13,159.302975,13.0541177472123
"1140",9893,151.226684335988,-33.9313638083538,6.69999980926514,0,0,-3,33.2,72,15363,-12188,"2016-08-29 13:57:24","14 ms final",14,187.244244,3
"1159",9912,151.228173683816,-33.931574079587,10,-2.40000009536743,13.8999996185303,0,99.2,71,15229,-10605,"2016-08-29 13:57:43","14 ms final",14,161.503545,14.1056722580991
"1160",9913,151.228324284521,-33.931595897193,10,-2.29999995231628,13.8999996185303,0,99.6,71,15289,-9371,"2016-08-29 13:57:44","14 ms final",14,143.273219,14.0890024194688
"1161",9914,151.228475005601,-33.9316178359849,10,-2.40000009536743,13.8000001907349,0,99.6,71,15275,-9906,"2016-08-29 13:57:45","14 ms final",14,151.31415,14.0071412401691
"1162",9915,151.228625237317,-33.9316393595822,10,-2.29999995231628,13.8000001907349,-0.100000001490116,99.4,71,15235,-10290,"2016-08-29 13:57:46","14 ms final",14,156.76815,13.9907113845307
"1163",9916,151.228774453348,-33.9316605856688,10.1000003814697,-2.20000004768372,13.6999998092651,0,99.8,71,15240,-10205,"2016-08-29 13:57:47","14 ms final",14,155.5242,13.8755178275865
"1164",9917,151.228917397528,-33.9316796410978,10,-1.70000004768372,12,0,99.4,71,15266,-9377,"2016-08-29 13:57:48","14 ms final",14,143.149282,12.1198184871773
"1179",9932,151.22877925786,-33.931653106109,10.1999998092651,1.70000004768372,-10.8000001907349,0,-81.7,70,15187,-10800,"2016-08-29 13:58:03","14 ms final",14,164.0196,10.9329778323199
"1182",9935,151.228389444425,-33.9316004586735,10.3000001907349,2.09999990463257,-12.6999998092651,0,-80.6,70,15040,-12620,"2016-08-29 13:58:06","14 ms final",14,189.8048,12.872451000287
"1186",9939,151.227812614184,-33.9315184416656,10,2.29999995231628,-13.6999998092651,0.100000001490116,-80.2,70,15077,-12584,"2016-08-29 13:58:10","14 ms final",14,189.728968,13.8920838809308
"1187",9940,151.227662984251,-33.9314985409891,10.1000003814697,2.29999995231628,-13.8999996185303,0.100000001490116,-80.3,70,15040,-13627,"2016-08-29 13:58:11","14 ms final",14,204.95008,14.08935730174
"1188",9941,151.2275126806,-33.9314774868472,10.1000003814697,2.40000009536743,-13.8999996185303,0.100000001490116,-80.9,70,15003,-14097,"2016-08-29 13:58:12","14 ms final",14,211.497291,14.1060267209872
"1189",9942,151.227362273955,-33.9314570243285,10.1999998092651,2.20000004768372,-13.8999996185303,0.200000002980232,-79.6,70,14977,-14153,"2016-08-29 13:58:13","14 ms final",14,211.969481,14.0744445576422
"1190",9943,151.227211910081,-33.9314361245266,10.1000003814697,2.40000009536743,-13.8999996185303,-0.100000001490116,-80.8,70,14921,-13993,"2016-08-29 13:58:14","14 ms final",14,208.789553,14.1060267209872
"1191",9944,151.227061711235,-33.9314150982875,10.3000001907349,2.29999995231628,-13.8000001907349,0.100000001490116,-80.1,69,14990,-13800,"2016-08-29 13:58:15","14 ms final",14,206.862,13.9907113845307
